1,47,47,47,47,47,47,47,47,47,47,47,47,47,47,47,47,47,48,48,80,80,47,47,47,47,47,47,47,47,47,47,47,47,47,47,47,1,
2,59,59,60,60,60,60,60,60,60,60,60,60,60,60,60,60,60,60,60,72,72,55,55,55,55,55,55,58,58,58,59,59,59,59,60,60,2,
3,59,59,59,59,59,59,59,59,59,59,59,59,59,59,59,59,59,59,59,59,59,59,59,59,59,59,59,59,59,59,59,59,59,59,59,59,3,
4,12,12,12,12,12,12,12,12,12,12,12,12,12,12,12,12,12,12,12,12,12,12,12,12,12,12,12,12,12,12,12,12,12,12,12,12,4,
5,12,12,12,12,12,12,12,12,12,12,12,12,12,12,12,12,12,12,12,12,12,12,12,12,12,12,12,12,12,12,12,12,12,12,12,12,5,
6,177,177,177,177,176,176,176,176,176,176,176,177,177,177,177,177,177,177,177,174,174,174,174,177,177,183,183,186,186,186,187,187,187,187,187,187,6,
7,12,12,12,12,12,12,12,12,12,12,12,12,12,12,12,12,12,12,12,18,18,12,12,12,12,12,12,12,12,12,12,12,12,12,12,12,7,
8,28,28,28,28,28,28,28,28,28,28,28,28,28,28,28,28,28,28,28,28,28,28,28,28,28,29,29,29,29,29,29,29,29,29,29,29,8,
9,71,71,72,72,72,72,72,72,72,72,72,72,72,72,72,72,72,72,72,84,84,68,68,68,68,68,68,71,71,71,71,71,71,71,72,72,9,
10,114,114,114,114,115,115,115,115,115,115,115,115,115,115,115,115,115,115,115,108,108,108,108,108,108,112,112,122,122,122,122,122,122,122,122,122,10,
11,111,111,111,111,111,111,111,111,111,111,111,117,117,117,117,117,117,117,117,117,117,117,117,117,117,117,117,117,117,117,117,117,117,117,117,117,11,
12,37,37,37,37,37,37,37,37,37,37,37,37,37,37,37,37,37,37,37,37,37,37,37,37,37,37,37,37,37,37,37,37,37,37,37,37,12,
13,12,12,12,12,12,12,12,12,12,12,12,12,12,12,12,12,12,12,12,12,12,12,12,12,12,12,12,12,12,12,12,12,12,12,12,12,13,
14,123,123,123,123,125,124,124,124,124,124,124,130,130,130,130,130,130,130,130,148,148,130,130,130,130,130,130,130,130,131,131,131,131,131,131,131,14,
15,98,98,98,98,101,100,100,100,100,100,100,100,100,100,100,100,100,100,100,101,101,101,101,101,101,103,103,103,103,104,104,104,104,104,104,104,15,
16,22,22,22,22,22,22,22,22,22,22,22,22,22,22,22,22,22,22,22,22,22,22,22,22,22,22,22,22,22,22,22,22,22,22,23,23,16,
17,27,27,27,27,27,27,27,27,27,27,27,27,27,27,27,27,27,27,27,27,27,27,27,27,27,27,26,26,26,26,26,26,26,26,26,26,17,
18,37,37,37,37,37,37,37,37,37,37,37,37,37,37,37,37,37,37,37,37,37,37,37,37,37,37,36,36,36,36,36,36,36,36,36,36,18,
19,142,142,143,143,144,144,144,145,145,145,145,145,145,145,145,145,145,145,145,180,180,138,138,138,138,140,140,143,143,143,143,142,142,142,143,143,19,
20,57,57,57,57,57,57,57,57,57,57,57,57,57,57,57,57,57,57,57,46,46,46,46,46,46,55,54,54,54,54,54,54,54,54,54,54,20,
21,57,57,57,57,57,57,57,57,57,57,57,57,57,57,57,57,57,57,57,71,71,46,46,46,46,55,54,54,54,54,54,54,54,54,54,54,21,
22,111,111,111,111,114,114,114,114,114,114,114,115,115,115,115,115,115,115,115,116,116,116,116,116,116,118,117,117,117,118,118,118,121,121,121,121,22,
23,16,16,16,16,16,16,16,16,16,16,16,16,16,16,16,16,16,16,16,16,16,16,16,16,16,16,15,15,15,15,15,15,15,15,15,15,23,
24,54,54,54,54,54,54,54,54,54,54,54,54,54,54,54,54,54,54,54,108,108,53,53,53,53,60,59,60,60,60,60,60,60,60,61,61,24,
25,103,103,104,104,104,104,104,104,104,104,104,104,104,104,104,104,104,106,106,95,97,96,96,96,96,96,96,95,95,95,95,95,95,95,95,95,25,
26,53,53,54,54,54,54,54,54,54,54,54,54,54,54,54,54,54,54,54,122,122,42,42,42,42,42,42,44,44,44,44,44,45,45,46,46,26,
27,98,98,99,99,101,101,101,101,101,101,101,101,101,101,101,101,101,101,101,160,160,95,95,95,95,96,96,99,99,99,99,98,98,98,99,99,27,
28,252,252,253,253,265,265,265,265,265,265,265,266,266,266,266,266,266,269,264,266,266,258,258,247,247,249,251,251,251,252,254,253,256,256,256,256,28,
29,60,60,61,61,61,61,61,61,61,61,61,61,61,61,61,61,61,61,61,96,96,56,56,56,56,56,56,60,60,60,60,60,60,60,61,61,29,
30,80,80,81,81,81,67,67,67,67,67,67,67,68,68,68,68,68,68,68,68,68,68,68,68,68,69,69,73,73,73,74,74,74,74,74,74,30,
31,92,92,93,93,94,94,94,94,94,94,94,94,94,94,94,94,94,94,94,94,94,94,94,94,94,96,96,99,99,99,99,98,98,98,99,99,31,
32,175,175,175,175,174,174,174,174,174,174,174,174,174,174,174,174,174,174,174,177,177,162,162,162,162,167,167,169,169,169,169,168,168,168,168,168,32,
33,43,43,44,44,44,44,44,44,44,44,44,44,44,44,44,44,44,44,44,103,103,39,39,39,39,39,39,43,43,43,43,43,43,43,44,44,33,
34,28,28,29,29,29,29,29,29,29,29,29,29,29,29,29,29,29,29,29,33,33,23,23,23,23,23,23,27,27,27,27,27,27,27,28,28,34,
35,34,34,35,35,35,35,35,35,35,35,35,35,35,35,35,35,35,35,35,35,35,35,35,35,35,35,35,39,39,39,39,39,39,39,40,40,35,
36,22,22,23,23,23,23,23,23,23,23,23,23,23,23,23,23,23,23,23,23,23,23,23,23,23,23,23,27,27,27,27,27,27,27,28,28,36,
37,22,22,23,23,23,23,23,23,23,23,23,23,23,23,23,23,23,23,23,23,23,23,23,23,23,23,23,27,27,27,27,27,27,27,28,28,37,
38,39,39,39,39,40,40,40,40,40,40,40,40,40,40,40,40,40,40,40,46,46,40,40,40,40,51,51,51,51,52,52,52,52,52,52,52,38,
39,48,48,48,48,48,48,48,48,48,48,48,48,48,48,48,48,48,48,48,56,56,47,47,47,47,47,47,48,48,48,48,48,48,48,48,48,39,
40,107,107,107,107,107,107,107,109,109,109,109,110,110,110,110,110,110,110,110,193,193,106,106,106,106,107,107,108,108,108,108,107,107,107,108,108,40,
41,3,3,3,3,3,3,3,3,3,3,3,3,3,3,3,3,3,3,3,3,3,3,3,3,3,3,3,3,3,3,3,3,3,3,3,3,41,
42,95,95,95,95,96,96,96,96,96,96,96,97,97,97,97,97,97,97,97,115,115,97,97,97,97,101,101,101,101,102,102,102,102,102,102,102,42,
43,105,105,105,105,106,106,106,106,106,106,106,107,107,107,107,107,107,107,107,109,109,109,109,109,109,113,113,113,113,111,111,111,115,115,115,115,43,
44,254,254,255,255,258,258,258,258,258,258,258,258,258,258,258,258,258,258,258,285,285,250,250,251,251,255,255,255,255,256,256,255,255,255,255,255,44,
45,48,48,48,48,48,48,48,48,48,48,48,48,48,48,48,48,48,48,48,54,54,46,46,46,46,46,46,46,46,46,46,46,46,46,46,46,45,
46,112,112,112,112,113,113,113,113,113,113,113,114,114,114,114,114,114,114,114,116,116,116,116,116,116,120,120,120,120,118,118,118,122,122,122,122,46,
47,112,112,112,112,113,113,113,113,113,113,113,114,114,114,114,114,114,114,114,116,116,116,116,116,116,120,120,120,120,118,118,118,122,122,122,122,47,
48,2,2,2,2,2,2,2,2,2,2,2,2,2,2,2,2,2,2,2,2,2,2,2,2,2,2,2,2,2,2,2,2,2,2,2,2,48,
49,2,2,2,2,2,2,2,2,2,2,2,2,2,2,2,2,2,2,2,2,2,2,2,2,2,2,2,2,2,2,2,2,2,2,2,2,49,
50,53,53,53,53,53,53,53,53,53,53,53,53,53,53,53,53,53,58,53,67,67,53,53,53,53,54,54,54,54,54,54,54,54,54,54,54,50,
51,81,81,81,81,81,81,81,81,81,81,81,81,81,81,81,81,81,81,81,81,81,81,81,81,81,81,80,80,80,80,80,80,80,80,80,80,51,
52,74,74,74,74,76,76,76,76,76,76,76,77,77,77,77,77,77,77,77,83,83,65,65,65,65,65,65,65,65,65,65,85,85,85,85,85,52,
53,82,82,82,82,82,82,82,83,83,83,83,84,84,84,84,84,84,84,84,70,70,70,70,70,70,70,70,70,70,70,70,70,70,70,71,71,53,
54,189,189,189,189,195,195,195,195,195,195,195,196,196,196,196,196,196,196,196,197,197,197,197,186,186,188,189,189,189,190,190,190,190,190,190,190,54,
55,50,50,50,50,51,51,51,51,51,51,51,51,51,50,50,50,50,50,50,50,50,50,50,50,50,50,50,50,50,51,51,51,51,51,51,51,55,
56,40,40,40,40,42,42,42,42,42,42,42,42,42,42,42,42,42,42,42,78,78,67,67,67,67,70,71,71,71,72,72,72,72,72,72,72,56,
57,133,133,133,133,134,133,133,133,133,133,133,134,134,134,134,134,134,134,134,134,134,134,134,134,134,135,135,135,135,136,136,136,136,136,136,136,57,
58,136,136,136,136,164,164,164,165,165,165,165,166,166,172,172,172,172,172,172,173,173,173,173,173,173,176,176,176,176,176,176,176,176,176,176,176,58,
59,75,75,75,75,74,74,74,74,74,74,74,77,77,77,77,77,77,77,77,77,77,77,77,77,77,79,79,79,79,80,80,80,80,80,80,80,59,
60,36,36,36,36,,,,,,,,,,,,,,,,,,,,,,,,,,,,,,,,,60,
61,124,124,124,124,122,121,121,121,121,121,121,127,127,127,127,127,127,127,127,158,158,127,127,127,127,127,127,127,127,128,128,128,128,128,128,128,61,
62,75,75,75,75,77,77,77,77,77,77,77,77,77,77,77,77,77,77,77,78,78,78,78,78,78,78,78,78,78,80,80,80,80,80,80,80,62,
63,115,115,115,115,118,118,118,118,118,118,118,119,119,119,119,119,119,124,124,132,132,125,125,125,125,127,126,126,126,127,127,127,127,127,127,127,63,
64,102,102,102,102,103,103,103,103,103,103,103,104,104,104,104,104,104,107,104,123,123,104,104,104,104,105,105,105,105,106,106,106,112,112,138,138,64,
65,165,165,165,165,168,168,168,168,168,168,168,169,169,169,169,169,169,169,169,170,170,170,170,170,170,171,171,171,171,172,172,172,172,172,172,172,65,
66,36,36,36,36,37,37,37,37,37,37,37,37,37,37,37,37,37,37,37,37,37,37,37,37,37,37,37,37,37,38,38,38,38,38,38,38,66,
67,36,36,36,36,37,37,37,37,37,37,37,37,37,37,37,37,37,37,37,37,37,37,37,37,37,37,37,37,37,38,38,38,38,38,38,38,67,
68,44,44,44,44,45,44,44,44,44,44,44,44,44,44,44,44,44,44,44,44,44,44,44,44,44,47,47,47,47,48,48,48,48,48,48,48,68,
69,154,154,154,154,159,159,159,159,159,159,159,165,165,165,165,165,165,165,165,165,165,165,165,165,165,166,166,166,166,167,167,167,167,167,167,167,69,
70,60,60,60,60,62,62,62,62,62,62,62,62,62,62,62,62,62,62,62,62,62,62,62,62,62,63,63,63,63,64,64,64,64,64,64,64,70,
71,197,197,198,198,201,201,201,202,202,202,202,202,202,202,202,202,202,206,202,229,229,195,195,195,195,197,198,197,197,198,198,197,197,197,197,197,71,
72,44,44,44,44,45,44,44,44,44,44,44,44,44,44,44,44,44,44,44,63,63,44,44,44,44,47,47,47,47,48,48,48,48,48,48,48,72,
73,58,58,58,58,59,58,58,62,62,62,62,62,62,62,62,62,62,62,62,62,62,62,62,62,62,65,66,66,66,67,67,67,67,67,67,67,73,
74,123,123,123,123,126,125,125,125,125,125,125,132,132,132,132,132,132,132,132,133,133,133,133,133,133,134,134,134,134,135,135,135,135,135,135,135,74,
75,64,64,64,64,65,65,65,65,65,65,65,65,65,65,65,65,65,65,65,66,66,66,66,66,66,66,66,66,66,67,67,67,67,67,67,67,75,
76,82,82,82,82,85,85,85,85,85,85,85,85,85,85,85,85,85,90,85,86,86,86,86,86,86,91,91,91,91,92,92,92,92,92,92,92,76,
77,70,70,70,70,70,70,70,70,70,70,70,70,70,70,70,70,70,70,70,70,70,70,70,70,70,71,71,71,71,71,71,71,71,71,71,71,77,
78,30,30,30,30,30,30,30,30,30,30,30,30,30,30,30,30,30,30,30,30,30,30,30,30,30,32,31,31,31,31,31,31,31,31,31,31,78,
79,110,110,110,110,114,113,113,113,113,113,113,114,114,114,114,114,114,114,114,114,114,114,114,114,114,115,114,115,115,114,114,114,114,114,114,114,79,
80,61,61,61,61,64,64,64,64,64,64,64,65,65,65,65,65,65,65,65,65,65,65,65,65,65,66,65,65,65,65,65,65,65,65,65,65,80,
81,118,118,118,118,125,125,125,125,125,125,125,125,125,125,125,125,125,125,125,153,153,126,126,126,126,128,128,128,128,129,129,129,129,129,129,129,81,
82,35,35,35,35,37,37,37,37,37,37,37,37,37,37,37,37,37,37,37,37,37,37,37,37,37,39,38,38,38,38,38,38,38,38,38,38,82,
83,105,105,105,105,97,97,97,97,97,97,97,97,97,87,87,87,87,87,87,89,89,89,89,89,89,100,100,100,100,100,100,100,105,105,105,105,83,
84,26,26,26,26,26,26,26,26,26,26,26,26,26,26,26,26,26,26,26,45,45,26,26,26,26,26,26,26,26,26,26,26,26,26,26,26,84,
85,65,65,65,65,67,67,67,67,67,67,67,67,67,67,67,67,67,67,67,104,104,67,67,67,67,67,67,67,67,68,68,68,68,68,68,68,85,
86,44,44,44,44,44,44,44,44,44,44,44,45,45,45,45,45,45,45,45,45,45,45,45,45,45,45,45,45,45,45,45,45,45,45,45,45,86,
87,29,29,29,29,29,29,29,29,29,29,29,29,29,29,29,29,29,29,29,29,29,29,29,29,29,29,29,29,29,29,29,29,29,29,29,29,,
88,27,27,27,27,28,28,28,28,28,28,28,28,28,28,28,28,28,28,28,28,28,28,28,28,28,28,28,28,28,28,28,28,28,28,28,28,88,
89,150,150,151,151,150,150,150,150,150,150,150,149,150,150,150,150,150,150,150,147,147,147,147,150,150,156,156,159,159,159,159,159,159,159,159,159,89,
90,20,20,20,20,20,20,20,20,20,20,20,70,78,78,78,78,78,78,78,97,97,75,75,75,75,78,78,78,78,78,78,78,78,78,78,78,90,
91,38,38,38,38,38,38,38,38,38,38,38,38,38,38,38,38,38,38,38,56,56,33,33,33,33,33,33,33,33,33,33,33,33,33,33,33,,
92,5,5,5,5,5,5,5,5,5,5,5,5,5,5,5,5,5,5,5,4,4,4,4,4,4,4,4,4,4,4,4,4,4,4,4,4,92,
93,44,44,44,44,47,47,47,47,47,47,47,47,47,47,47,47,47,47,47,48,48,48,48,48,48,49,49,50,50,50,50,50,50,50,50,50,93,
94,135,135,135,135,136,136,136,138,138,138,138,138,138,138,138,138,138,138,138,154,154,132,132,132,132,135,136,137,137,137,137,136,136,136,136,136,94,
95,50,50,50,50,52,52,52,54,54,54,54,54,54,54,54,54,54,54,54,55,55,43,43,43,43,43,43,17,17,17,17,17,17,17,17,17,95,
96,17,17,17,17,17,17,17,17,17,17,17,17,17,17,17,17,17,17,17,17,17,17,17,17,17,17,17,17,17,17,17,17,17,17,17,17,96,
97,67,67,67,67,69,69,69,69,69,69,69,70,70,70,70,70,70,70,70,106,106,72,72,72,72,76,76,76,76,76,76,76,76,76,76,76,97,
98,35,35,35,35,39,39,39,39,39,39,39,39,39,39,39,39,39,39,39,75,75,41,41,41,41,42,42,42,42,42,42,42,42,42,42,42,98,
99,14,14,14,14,14,14,14,14,14,14,14,14,14,14,14,14,14,14,14,14,14,14,14,14,14,14,14,14,14,14,14,14,14,14,14,14,99,
100,15,15,15,15,15,15,15,15,15,15,15,15,15,15,15,15,15,15,15,15,15,15,15,15,15,15,15,15,15,15,15,15,15,15,15,15,100,
101,10,10,10,10,10,10,10,10,10,10,10,10,10,10,10,10,10,10,10,10,10,10,10,10,10,10,10,10,10,10,10,10,10,10,10,10,101,
102,25,25,25,25,25,25,25,25,25,25,25,25,25,25,25,25,25,25,25,25,25,25,25,25,25,25,25,25,25,25,25,25,25,25,25,25,102,
103,28,28,28,28,28,28,28,28,28,28,28,49,49,49,49,49,49,49,49,70,70,49,49,49,49,49,49,49,49,49,49,49,49,49,49,49,103,
104,103,103,103,103,106,105,105,105,105,105,105,111,111,111,111,111,111,111,111,112,112,112,112,112,112,113,113,113,113,114,114,114,114,114,114,114,104,
105,54,54,54,54,57,57,57,57,57,57,57,57,57,57,57,57,57,57,57,59,59,63,63,63,63,64,64,64,64,64,64,64,64,64,64,64,105,
106,53,53,53,53,57,57,57,57,57,57,57,57,57,57,57,57,57,57,57,59,59,59,59,59,59,60,60,60,60,60,60,60,60,60,60,60,106,
107,111,111,112,112,101,101,101,101,101,101,101,100,101,101,101,101,101,101,101,92,92,92,92,92,92,95,95,97,97,97,97,97,97,97,98,98,107,
108,7,7,7,7,7,7,7,7,7,7,7,7,7,7,7,7,7,7,7,7,7,7,7,7,7,7,7,7,7,7,7,7,7,7,7,7,108,
109,7,7,7,7,7,7,7,7,7,7,7,7,7,7,7,7,7,7,7,7,7,7,7,7,7,7,7,7,7,7,7,7,7,7,7,7,109,
110,7,7,7,7,7,7,7,7,7,7,7,7,7,7,7,7,7,7,7,7,7,7,7,7,7,7,7,7,7,7,7,7,7,7,7,7,110,
111,7,7,7,7,7,7,7,7,7,7,7,7,7,7,7,7,7,7,7,7,7,7,7,7,7,7,7,7,7,7,7,7,7,7,7,7,111,
112,7,7,7,7,7,7,7,7,7,7,7,7,7,7,7,7,7,7,7,7,7,7,7,7,7,7,7,7,7,7,7,7,7,7,7,7,112,
113,9,9,9,9,9,9,9,9,9,9,9,9,9,9,9,9,9,9,9,9,9,9,9,9,9,9,9,9,9,9,9,9,9,9,9,9,113,
114,22,22,22,22,22,22,22,22,22,22,22,22,22,22,22,22,22,22,22,22,22,22,22,9,9,9,9,9,9,9,9,9,9,9,9,9,114,
115,60,60,60,60,60,60,60,60,60,60,60,60,60,60,60,60,60,60,60,60,60,60,60,60,60,72,72,72,72,72,72,72,72,72,72,72,115,
116,13,13,13,13,13,13,13,13,13,13,13,13,13,13,13,13,13,13,13,13,13,13,13,13,13,13,13,13,13,13,13,13,13,13,13,13,116,
117,9,9,9,9,9,9,9,9,9,9,9,9,9,9,9,9,9,9,9,9,9,9,9,9,9,9,9,9,9,9,9,9,9,9,9,9,117,
118,14,14,14,14,17,17,17,17,17,17,17,17,17,17,17,17,17,17,17,54,54,17,17,17,17,23,23,23,23,23,23,23,23,23,23,23,118,
119,1,1,1,1,1,1,1,1,1,1,1,1,1,1,1,1,1,1,1,1,1,1,1,1,1,1,1,1,1,1,1,1,1,1,1,1,119,
120,30,30,30,30,30,30,30,30,30,30,30,30,30,30,30,30,30,30,30,30,30,30,30,30,30,30,30,30,30,30,30,30,30,30,30,30,120,
121,10,10,10,10,10,10,10,10,10,10,10,10,10,10,10,10,10,10,10,10,10,10,10,10,10,10,10,10,10,10,10,10,10,10,10,10,121,
122,43,43,43,43,46,46,46,46,46,46,46,47,47,47,47,47,47,47,47,47,47,47,47,47,47,47,47,47,47,47,47,47,47,47,47,47,122,
123,159,159,159,159,161,161,161,161,161,161,161,169,169,168,168,168,168,168,168,194,194,168,168,168,168,171,172,172,172,173,174,174,174,174,174,174,123,
124,41,41,41,41,43,43,43,43,43,43,43,43,43,43,43,43,43,43,43,102,102,43,43,43,43,43,43,43,43,43,43,43,43,43,43,43,124,
125,17,17,17,17,17,17,17,17,17,17,17,18,18,18,18,18,18,18,18,18,18,18,18,18,18,18,18,18,18,18,18,18,18,18,18,18,125,
126,53,53,53,53,53,53,53,53,53,53,53,53,53,52,52,52,52,52,52,52,52,52,52,52,52,52,52,52,52,52,52,52,52,52,52,52,126,
127,49,49,49,49,49,49,49,49,49,49,49,49,49,49,49,49,49,49,49,80,80,49,49,49,49,49,49,49,49,49,50,50,50,50,50,50,127,
128,39,39,39,39,39,39,39,39,39,39,39,39,39,39,39,39,39,39,39,39,39,39,39,39,39,39,39,39,39,39,39,39,39,39,39,39,128,
129,1,1,1,1,1,1,1,1,1,1,1,1,1,1,1,1,1,1,1,1,1,1,1,1,1,1,1,1,,,,,,,,,129,
130,15,15,15,15,15,15,15,15,15,15,15,15,15,15,15,15,15,15,15,15,15,15,15,16,16,16,16,16,15,15,15,15,15,15,15,15,130,
131,34,34,34,34,34,34,34,34,34,34,34,34,34,34,34,34,34,34,34,86,86,34,34,34,34,34,34,34,34,34,34,34,34,34,34,34,131,
132,21,21,21,21,22,22,22,22,22,22,22,22,23,23,23,23,23,23,23,22,22,22,22,22,22,26,27,27,27,27,27,27,27,27,28,28,132,
133,61,61,61,61,62,62,62,62,62,62,62,62,63,63,63,63,63,63,63,64,64,64,64,64,64,67,67,67,67,67,67,67,67,67,68,68,133,
134,13,13,13,13,13,13,13,13,13,13,13,13,13,13,13,13,13,13,13,13,13,13,13,13,13,13,13,13,13,13,13,13,13,13,13,13,134,
135,24,24,24,24,24,24,24,24,24,24,24,24,24,24,24,24,24,25,25,25,25,25,25,25,25,25,25,25,25,25,25,25,25,25,25,25,135,
136,11,11,11,11,11,11,11,11,11,11,11,11,11,11,11,11,11,11,11,11,11,11,11,11,11,11,11,11,11,11,11,11,11,11,11,11,136,
137,13,13,13,13,13,13,13,13,13,13,13,13,13,13,13,13,13,13,13,29,29,11,11,11,11,12,12,12,12,12,12,12,12,12,12,12,137,
138,65,65,65,65,65,65,65,66,66,66,66,67,67,67,67,67,67,70,70,96,96,67,67,67,67,67,67,67,67,65,65,65,70,70,70,70,138,
139,47,47,47,47,50,50,50,57,57,57,57,57,57,57,57,57,57,57,57,75,75,59,59,59,59,60,61,61,61,61,61,61,61,61,61,61,139,
140,49,49,49,49,71,71,71,73,73,73,73,73,73,73,73,73,73,73,73,75,75,75,75,75,75,91,91,91,91,91,91,91,96,96,96,96,140,
141,29,29,29,29,29,29,29,29,29,29,29,29,29,29,29,29,29,29,29,29,29,29,29,29,29,29,29,53,53,53,53,53,53,53,53,53,141,
142,98,98,99,99,102,102,102,102,102,102,102,102,103,103,103,103,103,103,103,100,100,94,94,94,94,97,97,98,98,98,98,98,98,98,99,99,142,
143,41,41,41,41,40,40,40,40,40,40,40,46,46,46,46,46,46,46,46,46,46,46,46,46,46,46,46,46,46,46,46,46,46,46,46,46,143,
144,7,7,7,7,7,7,7,7,7,7,7,7,7,7,7,7,7,7,7,7,7,7,7,7,7,7,7,7,7,7,7,7,7,7,7,7,144,
145,28,28,28,28,28,28,28,28,28,28,28,28,28,28,28,28,28,28,28,28,28,28,28,28,28,28,28,28,28,28,28,28,28,28,28,28,145,
146,48,48,48,48,48,48,48,48,48,48,48,48,48,48,48,48,48,48,48,67,67,48,48,48,48,48,48,48,48,48,48,48,48,48,48,48,146,
147,48,48,48,48,48,48,48,48,48,48,48,48,48,48,48,48,48,48,48,48,48,48,48,48,48,48,48,48,48,48,48,48,48,48,48,48,147,
148,47,47,47,47,58,58,58,58,58,58,58,59,59,59,59,59,59,59,59,59,59,59,59,59,59,70,70,70,70,70,70,70,70,70,70,70,148,
149,27,27,27,27,29,28,28,28,28,28,28,28,28,28,28,28,28,28,28,28,28,28,28,28,28,31,31,31,31,31,31,31,31,31,31,31,149,
150,55,55,55,55,56,55,55,55,55,55,55,55,55,55,55,55,55,55,55,55,55,55,55,55,55,58,58,58,58,58,58,58,58,58,58,58,150,
151,6,6,6,6,6,6,6,6,6,6,6,6,6,6,6,6,6,6,6,6,6,6,6,6,6,6,6,6,6,6,6,6,6,6,6,6,151,
152,55,55,55,55,56,56,56,56,56,56,56,56,56,56,56,56,56,56,56,56,56,56,56,56,56,58,58,58,58,58,58,58,58,58,58,58,152,
153,61,61,61,61,61,61,61,61,61,61,61,61,61,61,61,61,61,61,61,82,82,50,50,50,50,50,50,51,51,51,51,51,51,51,51,51,153,
154,23,23,23,23,23,23,23,23,23,23,23,23,23,23,23,23,23,24,24,24,24,24,24,24,24,25,25,25,25,25,25,25,25,25,25,25,154,
155,40,40,40,40,41,41,41,41,41,41,41,41,41,41,41,41,41,41,41,41,41,42,42,42,42,43,43,63,63,63,63,62,62,62,63,63,155,
156,44,44,44,44,45,45,45,45,45,45,45,45,45,45,45,45,45,45,45,45,45,46,46,46,46,48,48,68,68,68,68,67,67,67,68,68,156,
157,23,23,23,23,25,25,25,25,25,25,25,25,25,25,25,25,25,26,26,26,26,26,26,26,26,27,27,27,27,27,27,27,27,27,27,27,157,
158,14,14,14,14,14,14,14,14,14,14,14,14,14,14,14,14,14,15,15,15,15,15,15,15,15,16,16,16,16,16,16,16,16,16,16,16,158,
159,1,1,1,1,1,1,1,1,1,1,1,1,1,1,1,1,1,1,1,15,15,1,1,1,1,1,1,1,1,1,1,1,1,1,1,1,159,
160,27,27,27,27,27,27,27,27,27,27,27,27,27,27,27,27,27,27,27,25,25,25,25,25,25,25,25,25,25,25,25,25,25,25,25,25,160,
161,10,10,10,10,10,10,10,10,10,10,10,10,10,10,10,10,10,10,10,30,30,10,10,10,10,10,10,10,10,10,10,10,10,10,10,10,161,
162,18,18,18,18,18,18,18,18,18,18,18,18,18,18,18,18,18,18,18,18,18,18,18,18,18,18,18,18,18,18,18,18,18,18,18,18,162,
163,10,10,10,10,10,10,10,10,10,10,10,10,10,10,10,10,10,10,10,10,10,10,10,10,10,10,10,10,10,10,10,10,10,10,10,10,163,
164,12,12,12,12,12,12,12,12,12,12,12,12,12,12,12,12,12,12,12,12,12,12,12,12,12,13,13,13,13,13,13,13,13,13,13,13,164,
165,4,4,4,4,4,4,4,4,4,4,4,4,4,4,4,4,4,4,4,4,4,4,4,4,4,4,4,4,4,4,4,4,4,4,4,4,165,
166,4,4,4,4,4,4,4,4,4,4,4,4,4,4,4,4,4,4,4,4,4,4,4,4,4,4,4,4,4,4,4,4,4,4,4,4,166,
167,9,9,9,9,9,9,9,9,9,9,9,10,10,10,10,10,10,10,10,10,10,10,10,10,10,10,10,10,10,10,10,10,10,10,10,10,167,
168,7,7,7,7,7,7,7,7,7,7,7,25,25,25,25,25,25,25,25,25,25,25,25,25,25,25,25,25,25,25,25,25,25,25,25,25,168,
169,4,4,4,4,4,4,4,4,4,4,4,4,4,4,4,4,4,4,4,4,4,4,4,4,4,4,4,4,4,4,4,4,4,4,4,4,169,
170,43,43,43,43,45,45,45,45,45,45,45,45,45,45,45,45,45,46,46,46,46,46,46,46,46,46,46,46,46,46,46,46,46,46,46,46,170,
171,23,23,23,23,23,23,23,23,23,23,23,23,23,23,23,23,23,23,23,23,23,23,23,23,23,23,23,23,23,23,23,23,23,23,23,23,171,
172,17,17,17,17,17,17,17,17,17,17,17,17,17,17,17,17,17,17,17,17,17,17,17,17,17,17,17,17,17,17,17,17,17,17,17,17,172,
173,43,43,43,43,45,45,45,45,45,45,45,45,45,45,45,45,45,45,45,106,106,45,45,45,45,45,45,45,45,45,45,45,45,45,45,45,173,
174,31,31,31,31,31,31,31,31,31,31,31,31,31,31,31,31,31,31,31,31,31,31,31,31,31,31,31,32,32,32,32,32,32,32,32,32,174,
175,48,48,48,48,48,48,48,48,48,48,48,48,48,48,48,48,48,48,48,55,55,37,37,37,37,37,37,38,38,38,38,38,38,38,38,38,175,
176,28,28,28,28,28,28,28,28,28,28,28,28,28,28,28,28,28,28,28,28,28,28,28,28,28,28,28,29,29,29,29,29,29,29,29,29,176,
177,87,87,87,87,88,88,88,88,88,88,88,88,88,88,88,88,88,88,88,88,88,88,88,88,88,90,90,90,90,90,90,90,90,90,90,90,177,
178,6,6,6,6,6,6,6,6,6,6,6,6,6,6,6,6,6,6,6,6,6,6,6,6,6,6,6,6,6,6,6,6,6,6,6,6,178,
179,29,29,28,28,28,28,28,28,28,28,28,28,28,28,28,28,28,28,28,26,26,26,26,26,26,26,26,27,27,27,27,27,27,27,27,27,179,
180,26,26,25,25,25,25,25,25,25,25,25,25,25,25,25,25,25,25,25,23,23,23,23,23,23,23,23,24,24,24,24,24,24,24,24,24,180,
181,19,19,19,19,53,53,53,54,54,54,54,55,55,55,55,55,55,55,55,77,77,57,57,57,57,58,58,58,58,58,58,58,58,58,58,58,181,
182,73,73,73,73,73,73,73,73,73,73,73,73,73,73,73,73,73,73,73,75,75,75,75,75,75,76,76,76,76,76,76,76,76,76,76,76,182,
183,13,13,13,13,13,13,13,14,14,14,14,15,15,15,15,15,15,15,15,15,15,15,15,15,15,15,15,15,15,15,15,15,15,15,15,15,183,
184,13,13,13,13,13,13,13,14,14,14,14,15,15,15,15,15,15,15,15,15,15,15,15,15,15,15,15,15,15,15,15,15,15,15,15,15,184,
185,13,13,13,13,13,13,13,14,14,14,14,15,15,15,15,15,15,15,15,15,15,15,15,15,15,15,15,15,15,15,15,15,15,15,15,15,185,
186,13,13,13,13,13,13,13,14,14,14,14,15,15,15,15,15,15,15,15,15,15,15,15,15,15,15,15,15,15,15,15,15,15,15,15,15,186,
187,13,13,13,13,13,13,13,14,14,14,14,15,15,15,15,15,15,15,15,15,15,15,15,15,15,15,15,15,15,15,15,15,15,15,15,15,187,
188,13,13,13,13,13,13,13,14,14,14,14,15,15,15,15,15,15,15,15,15,15,15,15,15,15,15,15,15,15,15,15,15,15,15,15,15,188,
189,57,57,57,57,56,56,56,56,56,56,56,57,57,57,57,57,57,57,57,81,81,57,57,57,57,57,57,57,57,57,58,58,58,58,58,58,189,
190,6,6,6,6,6,6,6,6,6,6,6,6,6,6,6,6,6,10,10,6,7,7,7,7,7,7,7,7,7,7,7,7,7,7,7,7,190,
191,20,20,20,20,20,20,20,20,20,20,20,21,21,21,21,21,21,22,22,21,22,22,22,22,22,22,22,22,22,22,23,23,23,23,23,23,191,
192,1,1,1,1,1,1,1,1,1,1,1,1,1,1,1,1,1,1,1,15,15,1,1,1,1,1,1,1,1,1,1,1,1,1,1,1,192,
193,28,28,28,28,29,29,29,29,29,29,29,30,30,30,30,30,30,30,30,30,30,30,30,30,30,32,33,33,33,33,33,33,33,33,33,33,193,
194,28,28,28,28,29,29,29,29,29,29,29,30,30,30,30,30,30,30,30,30,30,30,30,30,30,32,33,33,33,33,33,33,33,33,33,33,194,
195,8,8,8,8,8,8,8,8,8,8,8,8,8,8,8,8,8,8,8,8,8,8,8,8,8,8,8,8,8,8,8,8,8,8,8,8,195,
196,9,9,9,9,9,9,9,9,9,9,9,9,9,9,9,9,9,9,9,24,24,9,9,9,9,9,9,9,9,9,9,9,9,9,9,9,196,
197,8,8,8,8,8,8,8,8,8,8,8,8,8,8,8,8,8,8,8,29,29,8,8,8,8,8,8,8,8,8,8,8,8,8,8,8,197,
198,24,24,24,24,24,24,24,24,24,24,24,24,24,24,24,24,24,24,24,24,24,24,24,24,24,24,24,24,24,22,22,22,22,22,22,22,198,
199,8,8,8,8,8,8,8,8,8,8,8,8,8,8,8,8,8,8,8,8,8,8,8,8,8,8,8,8,8,8,8,8,8,8,8,8,199,
200,8,8,8,8,8,8,8,8,8,8,8,8,8,8,8,8,8,8,8,8,8,8,8,8,8,8,8,8,8,8,8,8,8,8,8,8,200,
201,18,18,18,18,18,18,18,18,18,18,18,18,18,18,18,18,18,18,18,18,18,18,18,18,18,18,18,18,18,18,18,18,18,18,18,18,201,
202,8,8,8,8,8,8,8,8,8,8,8,8,8,8,8,8,8,8,8,29,29,8,8,8,8,8,8,8,8,8,8,8,8,8,8,8,202,
203,15,15,15,15,15,15,15,15,15,15,15,15,15,15,15,15,15,15,15,15,15,15,15,15,15,15,15,15,15,15,15,15,15,15,15,15,203,
204,8,8,8,8,8,8,8,8,8,8,8,8,8,8,8,8,8,8,8,8,8,8,8,8,8,8,8,8,8,8,8,8,8,8,8,8,204,
205,11,11,11,11,11,11,11,11,11,11,11,11,11,11,11,11,11,11,11,38,38,11,11,11,11,11,11,11,11,11,11,11,11,11,11,11,205,
206,7,7,7,7,7,7,7,7,7,7,7,7,7,7,7,7,7,7,7,7,7,7,7,7,7,7,7,7,7,7,7,7,7,7,7,7,206,
207,7,7,7,7,7,7,7,7,7,7,7,7,7,7,7,7,7,7,7,7,7,7,7,7,7,7,7,7,7,7,7,7,7,7,7,7,207,
208,7,7,7,7,7,7,7,7,7,7,7,7,7,7,7,7,7,7,7,7,7,7,7,7,7,25,25,25,25,25,25,25,25,25,25,25,208,
209,35,35,35,35,35,35,35,35,35,35,35,35,35,35,35,35,35,35,35,81,81,35,35,35,35,35,35,35,35,35,35,35,35,35,35,35,209,
210,12,12,12,12,12,12,12,12,12,12,12,12,12,12,12,12,12,12,12,12,12,12,12,12,12,12,12,12,12,12,12,12,12,12,12,12,210,
211,16,16,16,16,16,16,16,16,16,16,16,16,16,16,16,16,16,16,16,23,23,16,16,16,16,16,16,16,16,16,16,16,16,16,16,16,211,
212,13,13,13,13,13,13,13,13,13,13,13,13,13,13,13,13,13,13,13,33,33,13,13,8,8,8,8,8,8,8,8,8,8,8,8,8,212,
213,13,13,13,13,13,13,13,13,13,13,13,13,13,13,13,13,13,13,13,13,13,13,13,,,,,,,,,,,,,,213,
214,37,37,37,37,37,37,37,37,37,37,37,37,37,37,37,37,37,37,37,37,37,37,37,32,32,32,32,32,32,32,32,32,32,32,32,32,214,
215,40,40,40,40,40,40,40,40,40,40,40,40,40,40,40,40,40,40,40,35,35,35,35,23,23,23,23,23,23,23,23,23,23,23,23,23,215,
216,14,14,14,14,14,14,14,14,14,14,14,14,14,14,14,14,14,14,14,62,62,14,14,9,9,9,9,9,9,9,9,9,9,9,9,9,216,
217,13,13,13,13,13,13,13,13,13,13,13,13,13,13,13,13,13,13,13,13,13,13,13,8,8,8,8,8,8,8,8,8,8,8,8,8,217,
218,13,13,13,13,13,13,13,13,13,13,13,13,13,13,13,13,13,13,13,13,13,13,13,8,8,8,8,8,8,8,8,8,8,8,8,8,218,
219,13,13,13,13,13,13,13,13,13,13,13,13,13,13,13,13,13,13,13,13,13,13,13,8,8,8,8,8,8,8,8,8,8,8,8,8,219,
220,13,13,13,13,13,13,13,13,13,13,13,13,13,13,13,13,13,13,13,30,30,13,13,8,8,8,8,8,8,8,8,8,8,8,8,8,220,
221,20,20,20,20,20,20,20,20,20,20,20,20,20,20,20,20,20,20,20,20,20,20,20,15,15,15,15,15,15,15,15,15,15,15,15,15,221,
222,13,13,13,13,13,13,13,13,13,13,13,13,13,13,13,13,13,13,13,13,13,13,13,8,8,8,8,8,8,8,8,8,8,8,8,8,222,
223,7,7,7,7,7,7,7,7,7,7,7,7,7,7,7,7,7,7,7,7,7,7,7,7,7,7,7,7,7,7,7,7,7,7,7,7,223,
224,19,19,19,19,19,19,19,19,19,19,19,19,19,19,19,19,19,19,19,56,56,19,19,19,19,19,19,19,19,19,19,19,19,19,19,19,224,
225,11,11,11,11,11,11,11,11,11,11,11,11,11,11,11,11,11,11,11,11,11,11,11,11,11,11,11,11,11,11,11,11,11,11,11,11,225,
226,13,13,13,13,13,13,13,13,13,13,13,13,13,13,13,13,13,13,13,13,13,13,13,13,13,13,13,13,13,13,13,13,13,13,13,13,226,
227,11,11,11,11,11,11,11,11,11,11,11,11,11,11,11,11,11,11,11,11,11,11,11,11,11,11,11,11,11,11,11,11,11,11,11,11,227,
228,11,11,11,11,11,11,11,11,11,11,11,11,11,11,11,11,11,11,11,11,11,11,11,11,11,11,11,11,11,11,11,11,11,11,11,11,228,
229,11,11,11,11,11,11,11,11,11,11,11,11,11,11,11,11,11,11,11,11,11,11,11,11,11,11,11,11,11,11,11,11,11,11,11,11,229,
230,79,79,79,79,79,79,79,79,79,79,79,85,85,85,85,85,85,85,85,85,85,85,85,85,85,85,85,85,85,76,76,76,76,76,76,76,230,
231,62,62,62,62,62,62,62,62,62,62,62,68,68,68,68,68,68,68,68,68,68,68,68,68,68,68,68,68,68,58,58,58,58,58,58,58,231,
232,11,11,11,11,11,11,11,11,11,11,11,11,11,11,11,11,11,11,11,56,56,11,11,11,11,11,11,11,11,11,11,11,11,11,11,11,232,
233,57,57,57,57,57,57,57,62,62,62,62,62,62,62,62,62,62,62,62,104,104,62,62,62,62,62,63,63,63,63,63,63,63,63,63,63,233,
234,18,18,18,18,18,18,18,18,18,18,18,18,18,18,18,18,18,18,18,18,18,18,18,18,18,18,18,18,18,18,18,18,18,18,18,18,234,
235,39,39,39,39,39,39,39,42,42,42,42,42,42,42,42,42,42,42,42,42,42,42,42,42,42,42,43,43,43,43,43,43,43,43,43,43,235,
236,1,1,1,1,1,1,1,1,1,1,1,1,1,1,1,1,1,1,1,1,1,1,1,1,1,1,1,1,1,1,1,1,1,1,1,1,236,
237,41,41,41,41,41,41,41,41,41,41,41,48,48,48,48,48,48,48,48,48,48,48,48,48,48,53,53,53,53,53,53,53,53,53,53,53,237,
238,25,25,25,25,25,25,25,25,25,25,25,26,26,26,26,26,26,26,26,26,26,26,26,26,26,31,31,31,31,31,31,31,31,31,31,31,238,
239,46,46,46,46,46,46,46,46,46,46,46,46,46,46,46,46,46,46,46,46,46,46,46,46,46,46,46,46,46,46,46,46,46,46,46,46,239,
240,28,28,28,28,28,28,28,28,28,28,28,28,28,28,28,28,28,28,28,28,28,28,28,28,28,28,28,28,28,28,28,28,28,28,28,28,240,
241,54,54,54,54,54,54,54,54,54,54,54,54,54,54,54,54,54,54,54,54,54,54,54,54,54,54,54,54,54,54,54,54,54,54,54,54,241,
242,53,53,53,53,53,53,53,53,53,53,53,53,53,53,53,53,53,53,53,91,91,53,53,53,53,53,53,53,53,53,53,53,53,53,53,53,242,
243,5,5,5,5,5,5,5,5,5,5,5,5,5,5,5,5,5,5,5,5,5,5,5,5,5,5,5,5,5,5,5,5,5,5,5,5,243,
244,72,72,72,72,75,75,75,75,75,75,75,75,75,74,74,74,74,74,74,80,80,67,67,67,67,69,69,69,69,69,69,69,69,69,69,69,244,
245,5,5,5,5,5,5,5,5,5,5,5,5,5,5,5,5,5,5,5,5,5,5,5,5,5,5,5,5,5,5,5,5,5,5,5,5,245,
246,22,22,22,22,22,22,22,22,22,22,22,22,22,22,22,22,22,22,22,22,22,22,22,22,22,22,22,22,22,22,22,22,22,22,22,22,246,
247,24,24,24,24,24,24,24,24,24,24,24,24,24,24,24,24,24,24,24,24,24,24,24,24,24,24,24,24,24,24,24,24,24,24,24,24,247,
248,22,22,22,22,22,22,22,22,22,22,22,22,22,22,22,22,22,22,22,36,36,22,22,22,22,22,22,22,22,22,22,22,22,22,22,22,248,
249,22,22,22,22,22,22,22,22,22,22,22,22,22,22,22,22,22,22,22,30,30,22,22,22,22,22,22,22,22,22,22,22,22,22,22,22,249,
250,22,22,22,22,22,22,22,22,22,22,22,22,22,22,22,22,22,22,22,22,22,22,22,22,22,22,22,22,22,22,22,22,22,22,22,22,,
251,41,41,41,41,41,41,41,49,49,49,49,49,49,49,49,49,49,49,49,31,31,31,31,31,31,31,32,32,32,32,32,32,32,32,32,32,251,
252,5,5,5,5,5,5,5,5,5,5,5,5,5,5,5,5,5,5,5,5,5,5,5,5,5,5,5,5,5,5,5,5,5,5,5,5,252,
253,41,41,41,41,41,41,41,41,41,41,41,47,47,47,47,47,47,47,47,47,47,47,47,47,47,47,47,47,47,48,48,48,48,48,48,48,253,
254,34,34,34,34,34,34,34,34,34,34,34,34,34,34,34,34,34,34,34,34,34,34,34,34,34,34,34,34,34,34,34,34,34,34,34,34,254,
255,34,34,34,34,34,34,34,34,34,34,34,34,34,34,34,34,34,34,34,34,34,34,34,34,34,34,34,34,34,34,34,34,34,34,34,34,255,
256,34,34,34,34,34,34,34,34,34,34,34,34,34,34,34,34,34,34,34,34,34,34,34,34,34,34,34,34,34,34,34,34,34,34,34,34,256,
257,34,34,34,34,34,34,34,34,34,34,34,34,34,34,34,34,34,34,34,34,34,34,34,34,34,34,34,34,34,34,34,34,34,34,34,34,257,
258,25,25,25,25,25,25,25,25,25,25,25,25,25,25,25,25,25,25,25,25,25,25,25,25,25,25,25,25,25,25,25,25,25,25,25,25,258,
259,25,25,25,25,25,25,25,25,25,25,25,25,25,25,25,25,25,25,25,25,25,25,25,25,25,25,25,25,25,25,25,25,25,25,25,25,259,
260,3,3,3,3,3,3,3,3,3,3,3,3,3,3,3,3,3,3,3,42,42,3,3,3,3,3,3,3,3,3,3,3,3,3,3,3,260,
261,4,4,4,4,4,4,4,4,4,4,4,4,4,4,4,4,4,4,4,2,2,2,2,2,2,2,2,2,2,2,2,2,2,2,2,2,261,
262,41,41,41,41,41,41,41,41,41,41,41,41,41,41,41,41,41,41,41,95,95,15,15,15,15,15,15,15,15,15,15,15,15,15,15,15,,
263,8,8,8,8,8,8,8,8,8,8,8,8,8,8,8,8,8,8,8,8,8,8,8,8,8,9,9,9,9,9,9,9,9,9,9,9,,
264,9,9,9,9,9,9,9,9,9,9,9,9,9,9,9,9,9,9,9,9,9,9,9,9,9,10,10,10,10,10,10,10,10,10,10,10,,
265,10,10,10,10,10,10,10,10,10,10,10,10,10,10,10,10,10,10,10,10,10,10,10,10,10,10,10,10,10,10,10,10,10,10,10,10,265,
266,11,11,11,11,11,11,11,11,11,11,11,11,11,11,11,11,11,11,11,11,11,11,11,11,11,11,11,11,11,11,11,11,11,11,11,11,266,
267,10,10,10,10,10,10,10,10,10,10,10,10,10,10,10,10,10,10,10,10,10,10,10,10,10,10,10,10,10,10,10,10,10,10,10,10,,
268,10,10,10,10,10,10,10,10,10,10,10,10,10,10,10,10,10,10,10,10,10,10,10,10,10,10,10,10,10,10,10,10,10,10,10,10,268,
269,10,10,10,10,10,10,10,10,10,10,10,10,10,10,10,10,10,10,10,10,10,10,10,10,10,10,10,10,10,10,10,10,10,10,10,10,269,
270,16,16,16,16,16,16,16,16,16,16,16,16,16,16,16,16,16,16,16,16,16,16,16,16,16,16,16,16,16,16,16,16,16,16,16,16,270,
271,31,31,31,31,32,32,32,32,32,32,32,32,32,32,32,32,32,32,32,32,32,32,32,32,32,32,32,32,32,32,32,32,32,32,32,32,271,
272,45,45,45,45,44,43,43,43,43,43,43,43,43,43,43,43,43,43,43,43,43,43,43,43,43,45,45,45,45,45,45,45,45,45,45,45,272,
273,13,13,13,13,14,14,14,14,14,14,14,14,14,14,14,14,14,14,14,14,14,14,14,14,14,15,15,15,15,15,15,15,15,15,15,15,273,
274,26,26,26,26,27,27,27,27,27,27,27,27,27,27,27,27,27,27,27,27,27,27,27,27,27,27,27,27,27,27,27,27,27,27,27,27,274,
275,47,47,47,47,47,46,46,46,46,46,46,46,46,46,46,46,46,46,46,46,46,46,46,46,46,48,48,48,48,46,46,46,46,46,46,46,275,
276,17,17,17,17,17,17,17,17,17,17,17,17,17,17,17,17,17,17,17,17,17,17,17,17,17,17,17,17,17,17,17,17,17,17,17,17,276,
277,23,23,23,23,23,23,23,23,23,23,23,23,23,23,23,23,23,23,23,23,23,23,23,23,23,23,23,23,23,23,23,23,23,23,23,23,277,
278,35,35,34,34,34,34,34,34,34,34,34,34,34,34,34,34,34,34,34,27,27,27,27,27,27,27,27,31,31,31,31,,,,,,278,
279,17,17,17,17,17,17,17,17,17,17,17,17,17,17,17,17,17,17,17,17,17,17,17,17,17,17,17,17,17,17,17,17,17,17,17,17,279,
280,17,17,17,17,17,17,17,17,17,17,17,17,17,17,17,17,17,17,17,17,17,17,17,17,17,17,17,17,17,17,17,17,17,17,17,17,,
281,17,17,17,17,17,17,17,17,17,17,17,17,17,17,17,17,17,17,17,17,17,17,17,17,17,17,17,17,17,17,17,17,17,17,17,17,281,
282,24,24,24,24,24,24,24,24,24,24,24,24,24,24,24,24,24,24,24,24,24,24,24,24,24,24,24,24,24,24,24,24,24,24,24,24,282,
283,17,17,17,17,17,17,17,17,17,17,17,17,17,17,17,17,17,17,17,17,17,17,17,17,17,17,17,17,17,17,17,17,17,17,17,17,283,
284,45,45,45,45,45,45,45,45,45,45,45,45,45,45,45,45,45,45,45,45,45,45,45,45,45,45,45,45,45,45,45,45,45,45,45,45,284,
285,23,23,23,23,23,23,23,23,23,23,23,23,23,23,23,23,23,23,23,23,23,23,23,23,23,23,23,23,23,23,23,23,23,23,23,23,285,
286,17,17,17,17,17,17,17,17,17,17,17,17,17,17,17,17,17,17,17,17,17,17,17,17,17,17,17,17,17,17,17,17,17,17,17,17,286,
287,17,17,17,17,17,17,17,17,17,17,17,17,17,17,17,17,17,17,17,17,17,17,17,17,17,17,17,17,17,17,17,17,17,17,17,17,287,
288,17,17,17,17,17,17,17,17,17,17,17,17,17,17,17,17,17,17,17,17,17,17,17,17,17,17,17,17,17,17,17,17,17,17,17,17,288,
289,17,17,17,17,17,17,17,17,17,17,17,17,17,17,17,17,17,17,17,17,17,17,17,17,17,17,17,17,17,17,17,17,17,17,17,17,289,
290,2,2,2,2,2,2,2,2,2,2,2,2,2,2,2,2,2,2,2,2,2,2,2,2,2,2,2,2,2,2,2,2,2,2,2,2,290,
291,7,7,7,7,7,7,7,7,7,7,7,7,7,7,7,7,7,7,7,36,36,7,7,7,7,7,7,7,7,7,7,7,9,9,9,9,291,
292,4,4,4,4,4,4,4,4,4,4,4,4,4,4,4,4,4,4,4,4,4,4,4,4,4,4,4,4,4,4,4,4,4,4,4,4,292,
293,35,35,35,35,39,39,39,39,39,39,39,39,39,39,39,39,39,39,39,74,74,41,41,41,41,42,42,42,42,42,42,42,42,42,42,42,293,
294,35,35,35,35,39,39,39,39,39,39,39,39,39,39,39,39,39,39,39,41,41,41,41,41,41,42,42,42,42,42,42,42,42,42,42,42,294,
295,38,38,38,38,40,40,40,41,41,41,41,41,41,41,41,41,41,41,41,42,42,42,42,42,42,45,45,45,45,45,45,45,45,45,45,45,295,
296,3,3,3,3,3,3,3,3,3,3,3,3,3,3,3,3,3,3,3,3,3,3,3,3,3,3,3,3,3,3,3,3,3,3,3,3,296,
297,4,4,4,4,4,4,4,4,4,4,4,4,4,4,4,4,4,4,4,4,4,4,4,4,4,4,4,4,4,4,4,4,4,4,4,4,,
298,22,22,22,22,22,22,22,22,22,22,22,22,22,22,22,22,22,22,22,22,22,22,22,22,22,22,22,22,22,22,22,22,22,22,22,22,298,
299,4,4,4,4,4,4,4,4,4,4,4,4,4,4,4,4,4,4,4,4,4,4,4,4,4,4,4,4,4,4,4,4,4,4,4,4,299,
300,3,3,3,3,3,3,3,3,3,3,3,3,3,3,3,3,3,3,3,3,3,3,3,3,3,3,3,3,3,3,3,3,3,3,3,3,300,
301,22,22,22,22,22,22,22,22,22,22,22,22,22,22,22,22,22,22,22,22,22,22,22,22,22,22,22,22,22,22,22,22,22,22,22,22,301,
302,18,18,18,18,18,18,18,18,18,18,18,18,18,18,18,18,18,18,18,18,18,18,18,18,18,18,18,18,18,18,18,18,18,18,18,18,302,
303,19,19,19,19,19,19,19,19,19,19,19,24,24,24,24,24,24,24,24,24,24,24,24,24,24,24,24,24,24,24,24,24,24,24,24,24,303,
304,18,18,18,18,18,18,18,18,18,18,18,18,18,18,18,18,18,18,18,18,18,18,18,18,18,18,18,18,18,18,18,18,18,18,18,18,304,
305,5,5,5,5,5,5,5,5,5,5,5,5,5,5,5,5,5,5,5,5,5,5,5,5,5,5,5,5,5,5,5,5,5,5,5,5,305,
306,5,5,5,5,5,5,5,5,5,5,5,5,5,5,5,5,5,5,5,5,5,5,5,5,5,5,5,5,5,5,5,5,5,5,5,5,306,
307,29,29,29,29,29,29,29,29,29,29,29,32,32,32,32,32,32,32,32,32,32,32,32,32,32,33,33,33,33,33,33,33,33,33,33,33,307,
308,21,21,21,21,21,21,21,21,21,21,21,21,21,21,21,21,21,21,21,21,21,21,21,21,21,22,22,22,22,22,22,22,22,22,22,22,308,
309,27,27,27,27,27,27,27,27,27,27,27,27,27,27,27,27,27,27,27,27,27,27,27,27,27,29,29,29,29,29,29,29,29,29,29,29,309,
310,6,6,6,6,6,6,6,6,6,6,6,6,6,6,6,6,6,6,6,6,6,6,6,6,6,6,6,6,6,6,6,6,6,6,6,6,310,
311,6,6,6,6,6,6,6,6,6,6,6,6,6,6,6,6,6,6,6,6,6,6,6,6,6,6,6,6,6,6,6,6,6,6,6,6,311,
312,1,1,1,1,1,1,1,1,1,1,1,1,1,1,1,1,1,1,1,1,1,1,1,1,1,1,1,1,1,1,1,1,1,1,1,1,312,
313,57,57,57,57,63,63,63,63,63,63,63,63,63,63,63,63,63,63,63,65,65,65,65,65,65,66,66,66,66,66,66,66,66,66,66,66,313,
314,49,49,49,49,49,49,49,49,49,49,49,49,49,49,49,49,49,49,49,49,49,49,49,49,49,49,49,49,49,49,49,49,49,49,49,49,314,
315,2,2,2,2,2,2,2,2,2,2,2,2,2,2,2,2,2,2,2,,,,,,,,,,,,,,,,,,315,
316,16,16,16,16,16,16,16,16,16,16,16,16,16,16,16,16,16,16,16,15,15,15,15,15,15,15,15,15,15,15,15,15,15,15,15,15,316,
317,8,8,29,29,29,29,29,29,29,29,29,30,30,30,30,30,30,30,30,52,52,30,30,30,30,29,29,33,33,33,33,33,33,33,34,34,317,
318,5,5,5,5,5,5,5,5,5,5,5,5,5,5,5,5,5,5,5,14,14,5,5,5,5,5,5,5,5,5,5,5,5,5,5,5,318,
319,17,17,17,17,17,17,17,17,17,17,17,17,17,17,17,17,17,17,17,17,17,17,17,17,17,17,17,17,17,17,17,17,17,17,17,17,319,
320,17,17,17,17,17,17,17,17,17,17,17,17,17,17,17,17,17,17,17,17,17,17,17,17,17,17,17,17,17,17,17,17,17,17,17,17,320,
321,18,18,18,18,18,18,18,18,18,18,18,18,18,18,18,18,18,18,18,18,18,18,18,18,18,18,18,18,18,18,18,18,18,18,18,18,321,
322,13,13,13,13,13,13,13,13,13,13,13,13,13,13,13,13,13,13,13,13,13,13,13,13,13,13,13,13,13,13,13,13,13,13,13,13,322,
323,13,13,13,13,13,13,13,13,13,13,13,13,13,13,13,13,13,13,13,13,13,13,13,13,13,13,13,13,13,13,13,13,13,13,13,13,323,
324,52,52,52,52,52,52,52,52,52,52,52,52,52,52,52,52,52,52,52,41,41,41,41,41,41,43,43,59,59,59,59,59,59,59,60,60,324,
325,22,22,22,22,22,22,22,22,22,22,22,22,22,22,22,22,22,22,22,22,22,22,22,22,22,22,22,22,22,22,22,22,22,22,23,23,325,
326,3,3,3,3,3,3,3,3,3,3,3,3,3,3,3,3,3,3,3,3,3,3,3,3,3,3,3,3,3,3,3,3,3,3,3,3,326,
327,52,52,52,52,52,52,52,52,52,52,52,53,53,53,53,53,53,53,53,53,53,53,53,53,53,53,53,53,53,53,53,53,53,53,53,53,327,
328,31,31,31,31,31,31,31,31,31,31,31,32,32,32,32,32,32,32,32,32,32,32,32,32,32,32,32,32,32,32,32,32,32,32,32,32,328,
329,42,42,42,42,42,42,42,42,42,42,42,49,49,49,49,49,49,49,49,49,49,49,49,49,49,49,49,49,49,49,49,49,49,49,49,49,329,
330,21,21,21,21,21,21,21,21,21,21,21,22,22,22,22,22,22,22,22,22,22,22,22,22,22,22,22,22,22,22,22,22,22,22,22,22,330,
331,27,27,27,27,27,27,27,27,27,27,27,28,28,28,28,28,28,28,28,28,28,28,28,28,28,28,28,28,28,28,28,28,28,28,28,28,331,
332,4,4,4,4,4,4,4,4,4,4,4,5,5,5,5,5,5,5,5,5,5,5,5,5,5,5,5,5,5,5,5,5,5,5,5,5,332,
333,6,6,6,6,6,6,6,6,6,6,6,6,6,6,6,6,6,6,6,6,6,6,6,9,9,9,9,9,9,9,9,9,9,9,9,9,333,
334,23,23,23,23,25,25,25,25,25,25,25,25,25,25,25,25,25,25,25,25,25,25,25,25,25,25,25,25,25,25,25,25,25,25,25,25,334,
335,26,26,26,26,26,26,26,26,26,26,26,26,26,26,26,26,26,26,26,22,22,,,,,,,,,,,,,,,,335,
336,23,23,23,23,23,23,23,23,23,23,23,23,23,23,23,23,23,23,23,22,22,,,,,,,,,,,,,,,,336,
337,23,23,23,23,23,23,23,23,23,23,23,23,23,23,23,23,23,23,23,31,31,,,,,,,,,,,,,,,,337,
338,35,35,35,35,35,35,35,35,35,35,35,35,35,35,35,35,35,35,35,,,,,,,,,,,,,,,,,,338,
339,24,24,24,24,24,24,24,24,24,24,24,24,24,24,24,24,24,24,24,,,,,,,,,,,,,,,,,,339,
340,5,5,5,5,5,5,5,5,5,5,5,5,5,5,5,5,5,5,5,22,22,5,5,5,5,5,5,5,5,5,5,5,5,5,5,5,340,
341,5,5,5,5,5,5,5,5,5,5,5,5,5,5,5,5,5,5,5,5,5,5,5,5,5,5,5,5,5,5,5,5,5,5,5,5,341,
342,5,5,5,5,5,5,5,5,5,5,5,5,5,5,5,5,5,5,5,5,5,5,5,5,5,5,5,5,5,5,5,5,5,5,5,5,342,
343,11,11,11,11,11,11,11,11,11,11,11,11,11,11,11,11,11,11,11,11,11,11,11,11,11,11,11,11,11,11,11,11,11,11,11,11,343,
344,3,3,3,3,3,3,3,3,3,3,3,3,3,3,3,3,3,3,3,3,3,3,3,3,3,3,3,3,3,3,3,3,3,3,3,3,344,
345,6,6,6,6,6,6,6,6,6,6,6,6,6,6,6,6,6,6,6,6,6,6,6,6,6,6,6,6,6,6,6,6,6,6,6,6,345,
346,15,15,15,15,15,15,15,15,15,15,15,15,15,15,15,15,15,15,15,89,89,15,15,15,15,15,15,15,15,15,15,15,15,15,15,15,346,
347,6,6,6,6,6,6,6,6,6,6,6,6,6,6,6,6,6,6,6,44,44,6,6,6,6,6,6,6,6,6,6,6,6,6,6,6,347,
348,7,7,7,7,7,7,7,7,7,7,7,7,7,7,7,7,7,7,7,46,46,7,7,7,7,8,8,8,8,8,8,8,8,8,8,8,348,
349,24,24,24,24,24,24,24,24,24,24,24,24,24,24,24,24,24,24,24,24,24,24,24,24,24,26,26,26,26,26,26,,,,,,349,
350,37,37,37,37,37,37,37,37,37,37,37,37,37,37,37,37,37,37,37,37,37,37,37,37,37,39,39,39,39,39,39,39,39,39,39,39,350,
351,17,17,17,17,17,17,17,17,17,17,17,17,17,17,17,17,17,17,17,40,40,17,17,17,17,17,17,17,17,17,17,17,17,17,17,17,,
352,2,2,2,2,2,2,2,2,2,2,2,2,2,2,2,2,2,2,2,2,2,2,2,2,2,2,2,2,2,2,2,2,2,2,2,2,,
353,15,15,15,15,15,15,15,15,15,15,15,15,15,15,15,15,15,15,15,53,53,15,15,15,15,15,15,15,15,15,15,15,15,15,15,15,353,
354,15,15,15,15,15,15,15,33,33,33,33,33,33,33,33,33,33,33,33,73,73,33,33,33,33,33,33,33,33,33,33,33,33,33,33,33,354,
355,15,15,15,15,15,15,15,15,15,15,15,15,15,15,15,15,15,15,15,15,15,15,15,15,15,15,15,15,15,15,15,15,15,15,15,15,355,
356,15,15,15,15,15,15,15,15,15,15,15,15,15,15,15,15,15,15,15,15,15,15,15,15,15,15,15,15,15,15,15,15,15,15,15,15,356,
357,59,59,59,59,59,59,59,59,59,59,59,59,59,59,59,59,59,59,59,91,91,60,60,60,60,60,60,60,60,58,58,58,58,58,58,58,357,
358,15,15,15,15,15,15,15,15,15,15,15,15,15,15,15,15,15,15,15,15,15,15,15,15,15,15,15,15,15,15,15,15,15,15,15,15,358,
359,15,15,15,15,15,15,15,15,15,15,15,15,15,15,15,15,15,15,15,15,15,15,15,15,15,15,15,15,15,15,15,15,15,15,15,15,359,
360,15,15,15,15,15,15,15,15,15,15,15,15,15,15,15,15,15,15,15,15,15,15,15,15,15,15,15,15,15,15,15,15,15,15,15,15,360,
361,35,35,35,35,39,39,39,39,39,39,39,39,39,39,39,39,39,39,39,41,41,41,41,41,41,42,42,42,42,42,42,42,42,42,42,42,361,
362,5,5,5,5,5,5,5,5,5,5,5,5,5,5,5,5,5,5,5,5,5,5,5,5,5,5,5,5,5,5,5,5,5,5,5,5,362,
363,5,5,5,5,5,5,5,5,5,5,5,5,5,5,5,5,5,5,5,5,5,5,5,5,5,5,5,5,5,5,5,5,5,5,5,5,363,
364,2,2,2,2,2,2,2,2,2,2,2,2,2,2,2,2,2,2,2,2,2,2,2,2,2,2,2,2,2,2,2,2,2,2,2,2,364,
365,1,1,1,1,1,1,1,1,1,1,1,1,1,1,1,1,1,1,1,1,1,1,1,1,1,1,1,1,1,1,1,1,1,1,1,1,365,
366,17,17,17,17,17,17,17,17,17,17,17,17,17,17,17,17,17,17,17,17,17,17,17,17,17,17,17,17,17,17,17,17,17,17,17,17,366,
367,13,13,13,13,15,15,15,15,15,15,15,15,15,15,15,15,15,15,15,15,15,15,15,15,15,15,15,15,15,15,15,15,15,15,15,15,367,
368,15,15,15,15,15,15,15,15,15,15,15,15,15,15,15,15,15,15,15,,,,,,,,,,,,,26,26,26,26,26,368,
369,18,18,18,18,18,18,18,18,18,18,18,18,18,18,18,18,18,18,18,59,59,18,18,18,18,18,18,18,18,18,18,18,18,18,18,18,369,
370,18,18,18,18,18,18,18,18,18,18,18,18,18,18,18,18,18,18,18,18,18,18,18,18,18,18,18,18,18,18,18,18,18,18,18,18,370,
371,18,18,18,18,18,18,18,18,18,18,18,18,18,18,18,18,18,18,18,18,18,18,18,18,18,18,18,18,18,18,18,18,18,18,18,18,371,
372,18,18,18,18,18,18,18,18,18,18,18,18,18,18,18,18,18,18,18,18,18,18,18,18,18,18,18,18,18,18,18,18,18,18,18,18,372,
373,18,18,18,18,18,18,18,18,18,18,18,18,18,18,18,18,18,18,18,18,18,18,18,18,18,18,18,18,18,18,18,18,18,18,18,18,373,
374,18,18,18,18,18,18,18,18,18,18,18,18,18,18,18,18,18,18,18,18,18,18,18,18,18,18,18,18,18,18,18,18,18,18,18,18,374,
375,9,9,9,9,9,9,9,9,9,9,9,9,9,9,9,9,9,9,9,9,9,9,9,9,9,9,9,9,9,9,9,9,9,9,9,9,375,
376,2,2,2,2,2,2,2,2,2,2,2,2,2,2,2,2,2,2,2,2,2,2,2,2,2,2,2,2,2,2,2,2,2,2,2,2,376,
377,24,24,24,24,24,24,24,24,24,24,24,24,24,24,24,24,24,24,24,24,24,24,24,24,24,24,24,24,24,24,24,24,24,24,24,24,377,
378,12,12,12,12,12,12,12,12,12,12,12,12,12,12,12,12,12,12,12,12,12,12,12,12,12,12,12,12,12,12,12,12,12,12,12,12,378,
379,3,3,3,3,3,3,3,3,3,3,3,3,3,3,3,3,3,3,3,3,3,3,3,3,3,3,3,3,3,3,3,3,3,3,3,3,379,
380,12,12,12,12,12,12,12,12,12,12,12,12,12,12,12,12,12,12,12,12,12,12,12,12,12,12,12,12,12,12,12,12,12,12,12,12,380,
381,1,1,1,1,1,1,1,1,1,1,1,1,1,1,1,1,1,1,1,1,1,1,1,1,1,1,1,1,1,1,1,1,1,1,1,1,381,
382,6,6,6,6,6,6,6,6,6,6,6,6,6,6,6,6,6,6,6,6,6,6,6,6,6,6,6,6,6,6,6,6,6,6,6,6,382,
383,6,6,6,6,6,6,6,6,6,6,6,6,6,6,6,6,6,6,6,29,29,6,6,6,6,6,6,6,6,6,6,6,6,6,6,6,383,
384,7,7,7,7,7,7,7,7,7,7,7,7,7,7,7,7,7,7,7,7,7,7,7,7,7,7,7,7,7,7,7,7,7,7,7,7,384,
385,6,6,6,6,6,6,6,6,6,6,6,6,6,6,6,6,6,6,6,6,6,6,6,6,6,6,6,6,6,6,6,6,6,6,6,6,385,
386,7,7,7,7,7,7,7,7,7,7,7,7,7,7,7,7,7,7,7,7,7,7,7,7,7,7,7,7,7,7,7,7,7,7,7,7,386,
387,6,6,6,6,6,6,6,6,6,6,6,6,6,6,6,6,6,6,6,6,6,6,6,6,6,6,6,6,6,6,6,6,6,6,6,6,387,
388,6,6,6,6,6,6,6,6,6,6,6,6,6,6,6,6,6,6,6,6,6,6,6,6,6,6,6,6,6,6,6,6,6,6,6,6,388,
389,18,18,18,18,20,20,20,20,20,20,20,20,20,20,20,20,20,20,20,20,20,20,20,20,20,20,20,20,20,20,20,20,21,21,21,21,389,
390,1,1,1,1,1,1,1,1,1,1,1,1,1,1,1,1,1,1,1,1,1,1,1,1,1,1,1,1,1,1,1,1,1,1,1,1,390,
391,33,33,33,33,33,33,33,33,33,33,33,33,33,33,33,33,33,33,33,33,33,33,33,33,33,33,33,33,33,33,33,33,33,33,33,33,391,
392,18,18,18,18,18,18,18,18,18,18,18,18,18,18,18,18,18,18,18,18,18,18,18,18,18,26,27,27,27,27,27,27,27,27,27,27,392,
393,24,24,24,24,24,24,24,24,24,24,24,24,24,24,24,24,24,24,24,62,62,24,24,24,24,24,24,24,24,24,24,24,24,24,24,24,393,
394,24,24,24,24,24,24,24,24,24,24,24,24,24,24,24,24,24,24,24,24,24,24,24,24,24,24,24,24,24,24,24,24,24,24,24,24,394,
395,24,24,24,24,38,38,38,38,38,38,38,38,38,38,38,38,38,38,38,38,38,38,38,38,38,38,38,38,38,38,38,38,38,38,38,38,395,
396,24,24,24,24,24,24,24,24,24,24,24,24,24,24,24,24,24,24,24,24,24,24,24,24,24,24,24,24,24,24,24,24,24,24,24,24,396,
397,24,24,24,24,24,24,24,24,24,24,24,24,24,24,24,24,24,24,24,24,24,24,24,24,24,24,24,24,24,24,24,24,24,24,24,24,397,
398,25,25,25,25,26,26,26,26,26,26,26,26,26,26,26,26,26,26,26,26,26,26,26,26,26,26,26,26,26,26,26,26,26,26,26,26,398,
399,2,2,2,2,2,2,2,2,2,2,2,2,2,2,2,2,2,2,2,2,2,2,2,2,2,2,2,2,2,2,2,2,2,2,2,2,399,
400,8,8,8,8,8,8,8,8,8,8,8,8,8,8,8,8,8,8,8,8,8,9,9,9,9,9,9,9,9,9,9,9,9,9,9,9,400,
401,13,13,13,13,13,13,13,13,13,13,13,13,13,13,13,13,13,13,13,13,13,13,13,13,13,13,13,13,13,13,13,13,13,13,13,13,401,
402,11,11,11,11,11,11,11,11,11,11,11,12,12,12,12,12,12,12,12,12,12,12,12,12,12,12,12,12,12,12,12,12,12,12,12,12,402,
403,1,1,1,1,1,1,1,1,1,1,1,1,1,1,1,1,1,1,1,1,1,1,1,1,1,1,1,1,1,1,1,1,1,1,1,1,403,
404,11,11,11,11,11,11,11,11,11,11,11,11,11,11,11,11,11,11,11,11,11,11,11,11,11,11,11,11,11,11,11,11,11,11,11,11,404,
405,12,12,12,12,12,12,12,12,12,12,12,12,12,12,12,12,12,12,12,12,12,12,12,12,12,12,12,12,12,12,12,12,12,12,12,12,405,
406,11,11,11,11,11,11,11,11,11,11,11,11,11,11,11,11,11,11,11,11,11,11,11,11,11,11,11,11,11,11,11,11,11,11,11,11,406,
407,4,4,4,4,4,4,4,4,4,4,4,4,4,4,4,4,4,4,4,4,4,4,4,4,4,4,4,4,4,4,4,4,4,4,4,4,407,
408,4,4,4,4,4,4,4,4,4,4,4,4,4,4,4,4,4,4,4,4,4,4,4,4,4,4,4,4,4,4,4,4,4,4,4,4,408,
409,13,13,13,13,15,15,15,15,15,15,15,15,15,15,15,15,15,15,15,15,15,15,15,19,19,19,19,19,19,19,19,19,19,19,19,19,409,
410,6,6,6,6,6,6,6,6,6,6,6,6,6,6,6,6,6,6,6,6,6,6,6,6,6,6,6,6,6,6,6,6,6,6,6,6,410,
411,6,6,6,6,6,6,6,6,6,6,6,6,6,6,6,6,6,6,6,6,6,6,6,6,6,6,6,6,6,6,6,6,6,6,6,6,411,
412,6,6,6,6,6,6,6,6,6,6,6,6,6,6,6,6,6,6,6,6,6,6,6,6,6,16,12,12,12,12,12,12,12,12,12,12,412,
413,8,8,8,8,8,8,8,8,8,8,8,8,8,8,8,8,8,8,8,8,8,8,8,8,8,9,9,9,9,9,9,9,9,9,9,9,413,
414,24,24,24,24,24,24,24,24,24,24,24,24,24,24,24,24,24,24,23,23,23,23,23,23,23,23,23,23,23,23,23,23,23,23,23,23,414,
415,24,24,24,24,24,24,24,24,24,24,24,24,24,24,24,24,24,24,23,23,23,23,23,23,23,23,23,23,23,23,23,23,23,23,23,23,415,
416,20,20,20,20,20,20,20,20,20,20,20,20,20,20,20,20,20,20,20,20,20,20,20,20,20,20,20,20,20,20,20,20,20,20,20,20,416,
417,20,20,20,20,20,20,20,20,20,20,20,20,20,20,20,20,20,20,20,20,20,20,20,20,20,20,20,20,20,20,20,20,20,20,20,20,417,
418,9,9,9,9,9,9,9,9,9,9,9,9,9,9,9,9,9,9,9,9,9,9,9,9,9,9,9,9,9,9,9,9,9,9,9,9,418,
419,9,9,9,9,9,9,9,9,9,9,9,9,9,9,9,9,9,9,9,9,9,9,9,9,9,9,9,9,9,9,9,9,9,9,9,9,419,
420,9,9,9,9,9,9,9,9,9,9,9,9,9,9,9,9,9,9,9,16,16,9,9,9,9,9,9,9,9,9,9,9,9,9,9,9,420,
421,9,9,9,9,9,9,9,9,9,9,9,9,9,9,9,9,9,9,9,9,9,9,9,9,9,9,9,9,9,9,9,9,9,9,9,9,421,
422,9,9,9,9,9,9,9,9,9,9,9,9,9,9,9,9,9,9,9,9,9,9,9,9,9,9,9,9,9,9,9,9,9,9,9,9,422,
423,19,19,19,19,19,19,19,19,19,19,19,19,19,19,19,19,19,19,19,19,19,19,19,19,19,19,19,19,19,19,19,19,19,19,19,19,423,
424,4,4,4,4,4,4,4,4,4,4,4,4,4,4,4,4,4,4,4,4,4,4,4,4,4,4,4,4,4,4,4,4,4,4,4,4,424,
425,4,4,4,4,4,4,4,4,4,4,4,4,4,4,4,4,4,4,4,4,4,4,4,4,4,4,4,4,4,4,4,4,4,4,4,4,425,
426,4,4,4,4,4,4,4,4,4,4,4,4,4,4,4,4,4,4,4,4,4,4,4,4,4,4,4,4,4,4,4,4,4,4,4,4,426,
427,10,10,10,10,10,10,10,10,10,10,10,10,10,10,10,10,10,10,10,10,10,10,10,10,10,10,10,10,10,10,10,10,10,10,10,10,427,
428,1,1,1,1,1,1,1,1,1,1,1,1,1,1,1,1,1,1,1,1,1,1,1,1,1,1,1,1,1,1,1,1,1,1,1,1,428,
429,2,2,2,2,4,4,4,4,4,4,4,4,4,4,4,4,4,4,4,42,42,4,4,4,4,4,4,4,4,4,4,4,4,4,4,4,429,
430,19,19,19,19,19,19,19,19,19,19,19,19,20,20,20,20,20,27,20,20,20,20,20,20,20,21,21,21,21,21,21,21,31,31,31,31,430,
431,24,24,24,24,20,20,20,20,20,20,20,20,20,20,20,20,20,20,20,20,20,20,20,20,20,20,20,20,20,20,20,20,20,20,20,20,431,
432,48,48,48,48,48,48,48,48,48,48,48,48,48,48,48,48,48,48,48,48,48,48,48,48,48,48,48,48,48,49,49,49,49,49,49,49,432,
433,8,8,8,8,8,8,8,8,8,8,8,8,8,8,8,8,8,8,8,8,8,8,8,8,8,9,9,9,9,9,9,9,9,9,9,9,433,
434,22,22,22,22,22,22,22,22,22,22,22,22,22,22,22,22,22,22,22,,,,,,,,,,,,,,,,,,434,
435,3,3,3,3,3,3,3,3,3,3,3,3,3,3,3,3,3,3,3,3,3,3,3,3,3,3,3,3,3,3,3,3,3,3,3,3,435,
436,9,9,9,9,9,9,9,9,9,9,9,9,9,9,9,9,9,9,9,9,9,9,9,9,9,9,9,9,9,9,9,9,9,9,9,9,436,
437,6,6,6,6,6,6,6,6,6,6,6,6,6,6,6,6,6,6,6,64,64,6,6,6,6,6,6,6,6,6,6,6,6,6,6,6,437,
438,14,14,14,14,14,14,14,14,14,14,14,14,15,15,15,15,15,15,15,15,15,15,15,15,15,16,16,16,16,16,16,16,16,16,17,17,438,
439,3,3,3,3,3,3,3,3,3,3,3,3,3,3,3,3,3,3,3,3,3,3,3,3,3,3,3,3,3,3,3,3,3,3,3,3,439,
440,10,10,10,10,10,10,10,10,10,10,10,10,10,10,10,10,10,10,10,10,10,10,10,10,10,10,10,10,10,10,10,10,10,10,10,10,440,
441,54,54,54,54,57,57,57,57,57,57,57,57,57,57,57,57,57,57,57,59,59,59,59,59,59,60,60,60,60,60,60,60,60,60,60,60,441,
442,6,6,6,6,6,6,6,6,6,6,6,7,7,7,7,7,7,7,7,34,34,7,7,7,7,6,6,6,6,6,6,6,6,6,6,6,442,
443,7,7,7,7,7,7,7,7,7,7,7,7,7,7,7,7,7,7,7,7,7,7,7,11,11,11,11,11,11,11,11,11,11,11,11,11,443,
444,1,1,1,1,1,1,1,1,1,1,1,1,1,1,1,1,1,1,1,1,1,1,1,1,1,1,1,1,1,1,1,1,1,1,1,1,444,
445,5,5,5,5,5,5,5,5,5,5,5,5,5,5,5,5,5,5,5,5,5,5,5,5,5,5,5,5,5,5,5,5,5,5,5,5,445,
446,5,5,5,5,5,5,5,5,5,5,5,5,5,5,5,5,5,5,5,5,5,5,5,5,5,18,18,18,18,18,18,18,18,18,18,18,446,
447,5,5,5,5,5,5,5,5,5,5,5,5,5,5,5,5,5,5,5,5,5,5,5,5,5,5,5,5,5,5,5,5,5,5,5,5,447,
448,24,24,24,24,24,24,24,28,28,28,28,28,28,28,28,28,28,28,28,28,28,28,28,28,28,28,30,30,30,30,30,30,30,30,30,30,448,
449,14,14,14,14,14,14,14,18,18,18,18,18,18,18,18,18,18,18,18,18,18,18,18,18,18,18,20,20,20,20,20,20,20,20,20,20,449,
450,1,1,1,1,1,1,1,1,1,1,1,1,1,1,1,1,1,1,1,1,1,1,1,1,1,1,1,1,1,1,1,1,1,1,1,1,450,
451,18,18,18,18,18,18,18,18,18,18,18,18,18,18,18,18,18,18,18,18,18,18,18,18,18,18,18,18,18,18,18,18,18,18,18,18,451,
452,18,18,18,18,18,18,18,18,18,18,18,18,18,18,18,18,18,18,18,18,18,18,18,18,18,18,18,18,18,18,18,18,18,18,18,18,452,
453,6,6,6,6,6,6,6,6,6,6,6,6,6,6,6,6,6,6,6,6,6,6,6,6,6,6,6,6,6,6,6,6,6,6,6,6,453,
454,6,6,6,6,6,6,6,6,6,6,6,6,6,6,6,6,6,6,6,6,6,6,6,6,6,6,6,6,6,6,6,6,6,6,6,6,454,
455,4,4,4,4,4,4,4,4,4,4,4,4,4,4,4,4,4,4,4,4,4,4,4,4,4,4,4,4,4,4,4,4,4,4,4,4,,
456,8,8,8,8,8,8,8,8,8,8,8,8,8,8,8,8,8,8,8,8,8,8,8,8,8,8,8,8,8,8,8,8,8,8,8,8,,
457,18,18,18,18,18,18,18,18,18,18,18,18,18,18,18,18,18,18,18,18,18,18,18,18,18,18,18,18,18,18,18,18,18,18,18,18,,
458,8,8,8,8,8,8,8,8,8,8,8,8,8,8,8,8,8,8,8,70,70,8,8,8,8,8,8,8,8,8,8,8,8,8,8,8,458,
459,1,1,1,1,1,1,1,1,1,1,1,1,1,1,1,1,1,1,1,1,1,1,1,1,1,1,1,1,1,1,1,1,1,1,1,1,459,
460,3,3,3,3,3,3,3,3,3,3,3,3,3,3,3,3,3,3,3,3,3,3,3,3,3,3,3,3,3,3,3,3,3,3,3,3,460,
461,13,13,13,13,13,13,13,13,13,13,13,13,13,13,13,13,13,13,13,13,13,13,13,13,13,13,13,13,13,11,11,11,11,11,11,11,461,
462,11,11,11,11,11,11,11,11,11,11,11,11,11,11,11,11,11,11,11,9,9,9,9,9,9,9,9,9,9,9,9,9,9,9,9,9,,
463,11,11,11,11,11,11,11,11,11,11,11,11,11,11,11,11,11,11,11,9,9,9,9,9,9,9,9,9,9,9,9,9,9,9,9,9,463,
464,11,11,11,11,11,11,11,11,11,11,11,11,11,11,11,11,11,11,11,9,9,9,9,9,9,9,9,9,9,9,9,9,9,9,9,9,464,
465,33,33,33,33,33,33,33,33,33,33,33,37,37,37,37,37,37,37,37,35,35,35,35,35,35,36,36,36,36,36,36,36,36,36,36,36,465,
466,33,33,33,33,33,33,33,33,33,33,33,39,39,39,39,39,39,39,39,39,39,39,39,39,39,39,39,39,39,39,39,39,39,39,39,39,466,
467,4,4,4,4,4,4,4,4,4,4,4,4,4,4,4,4,4,4,4,4,4,4,4,4,4,4,4,4,4,4,4,4,4,4,4,4,467,
468,8,8,8,8,8,8,8,8,8,8,8,8,8,8,8,8,8,8,8,8,8,8,8,8,8,8,8,8,8,8,8,8,8,8,8,8,468,
469,8,8,8,8,8,8,8,8,8,8,8,8,8,8,8,8,8,8,8,29,29,8,8,8,8,8,8,8,8,8,8,8,8,8,8,8,469,
470,8,8,8,8,8,8,8,8,8,8,8,8,8,8,8,8,8,8,8,8,8,8,8,8,8,8,8,8,8,8,8,8,8,8,8,8,,
471,8,8,8,8,8,8,8,8,8,8,8,8,8,8,8,8,8,8,8,8,8,8,8,8,8,8,8,8,8,8,8,8,8,8,8,8,471,
472,1,1,1,1,8,8,8,8,8,8,8,8,8,8,8,8,8,8,8,8,8,8,8,8,8,8,8,8,8,8,8,8,8,8,8,8,472,
473,6,6,6,6,6,6,6,6,6,6,6,6,6,6,6,6,6,6,6,6,6,6,6,6,6,6,6,6,6,6,6,6,6,6,6,6,473,
474,8,8,8,8,8,8,8,8,8,8,8,8,8,8,8,8,8,8,8,35,35,8,8,8,8,8,8,8,8,8,8,8,8,8,8,8,474,
475,16,16,16,16,16,16,16,16,16,16,16,16,16,16,16,16,16,23,16,16,16,16,16,16,16,16,16,16,16,16,16,16,27,27,27,27,475,
476,16,16,16,16,16,16,16,16,16,16,16,16,16,16,16,16,16,16,16,16,16,16,16,16,16,16,16,16,16,16,16,16,16,16,16,16,476,
477,8,8,8,8,8,8,8,8,8,8,8,8,8,8,8,8,8,8,8,8,8,8,8,8,8,8,8,8,8,8,8,8,8,8,8,8,,
478,19,19,19,19,19,19,19,19,19,19,19,19,19,19,19,19,19,19,19,19,19,19,19,19,19,19,19,19,19,19,19,19,19,19,19,19,478,
479,8,8,8,8,8,8,8,8,8,8,8,8,8,8,8,8,8,8,8,8,8,8,8,8,8,8,8,8,8,8,8,8,8,8,8,8,479,
480,10,10,10,10,10,10,10,10,10,10,10,10,10,10,10,10,10,10,10,10,10,10,10,10,10,10,,,,,,,,,,,,
481,7,7,7,7,7,7,7,7,7,7,7,7,7,7,7,7,7,7,7,7,7,7,7,7,7,7,7,7,7,7,7,7,7,7,7,7,481,
482,7,7,7,7,7,7,7,7,7,7,7,7,7,7,7,7,7,7,7,7,7,7,7,7,7,7,7,7,7,7,7,7,7,7,7,7,482,
483,7,7,7,7,7,7,7,7,7,7,7,7,7,7,7,7,7,7,7,7,7,7,7,7,7,7,7,7,7,7,7,7,7,7,7,7,483,
484,7,7,7,7,7,7,7,7,7,7,7,7,7,7,7,7,7,7,7,7,7,7,7,7,7,7,7,7,7,7,7,7,7,7,7,7,484,
485,7,7,7,7,7,7,7,7,7,7,7,7,7,7,7,7,7,7,7,7,7,7,7,7,7,7,7,7,7,7,7,7,7,7,7,7,485,
486,2,2,2,2,2,2,2,2,2,2,2,2,2,2,2,2,2,2,2,2,2,2,2,2,2,2,2,2,2,2,2,2,2,2,2,2,486,
487,1,1,1,1,1,1,1,1,1,1,1,1,1,1,1,1,1,1,1,1,1,1,1,1,1,1,1,1,1,1,1,1,1,1,1,1,487,
488,29,29,29,29,29,29,29,29,29,29,29,29,29,29,29,29,29,29,29,29,29,29,29,29,29,29,29,29,29,29,29,29,29,29,29,29,488,
489,29,29,29,29,29,29,29,29,29,29,29,29,29,29,29,29,29,29,29,29,29,29,29,29,29,29,29,29,29,29,29,29,29,29,29,29,489,
490,29,29,29,29,29,29,29,29,29,29,29,35,35,35,35,35,35,35,35,35,35,35,35,35,35,35,35,35,35,35,35,35,35,35,35,35,490,
491,29,29,29,29,29,29,29,29,29,29,29,35,35,35,35,35,35,35,35,35,35,35,35,35,35,35,35,35,35,35,35,35,35,35,35,35,491,
492,8,8,8,8,8,8,8,8,8,8,8,8,8,8,8,8,8,8,8,,,,,,,,,,,,,,,,,,492,
493,3,3,3,3,3,3,3,3,3,3,3,3,3,3,3,3,3,3,3,3,3,3,3,3,3,3,3,3,3,3,3,3,3,3,3,3,493,
494,3,3,3,3,3,3,3,3,3,3,3,3,3,3,3,3,3,3,3,3,3,3,3,3,3,3,3,3,3,3,3,3,3,3,3,3,494,
495,30,30,30,30,31,31,31,31,31,31,31,31,31,31,31,31,31,31,31,31,31,31,31,31,31,31,31,31,31,32,32,32,32,32,32,32,495,
496,15,15,15,15,45,45,45,45,45,45,45,45,45,45,45,45,45,45,45,70,70,47,47,47,47,50,50,50,50,50,50,50,50,50,50,50,496,
497,3,3,3,3,,,,,,,,,,,,,,,,,,,,,,,,,,,,,,,,,497,
498,3,3,3,3,3,3,3,3,3,3,3,3,3,3,3,3,3,3,3,,,,,,,,,,,,,,,,,,498,
499,7,7,7,7,7,7,7,7,7,7,7,7,7,7,7,7,7,7,7,7,7,7,7,7,7,7,7,7,7,7,7,7,7,7,7,7,499,
500,7,7,7,7,7,7,7,7,7,7,7,7,7,7,7,7,7,7,7,7,7,7,7,7,7,7,7,7,7,7,7,7,7,7,7,7,500,
501,7,7,7,7,7,7,7,7,7,7,7,7,7,7,7,7,7,7,7,7,7,7,7,7,7,7,7,7,7,7,7,7,7,7,7,7,501,
502,11,11,11,11,11,11,11,11,11,11,11,11,11,11,11,11,11,11,11,11,11,11,11,11,11,11,11,11,11,11,11,11,11,11,11,11,502,
503,11,11,11,11,11,11,11,11,11,11,11,11,11,11,11,11,11,11,11,11,11,11,11,11,11,11,11,11,11,11,11,11,11,11,11,11,503,
504,11,11,11,11,11,11,11,11,11,11,11,11,11,11,11,11,11,11,11,11,11,11,11,11,11,11,11,11,11,11,11,11,11,11,11,11,504,
505,11,11,11,11,11,11,11,11,11,11,11,11,11,11,11,11,11,11,11,11,11,11,11,11,11,11,11,11,11,11,11,11,11,11,11,11,505,
506,1,1,1,1,1,1,1,1,1,1,1,1,1,1,1,1,1,1,1,1,1,1,1,1,1,1,1,1,1,1,1,1,1,1,1,1,,
507,18,18,18,18,18,18,18,18,18,18,18,18,18,18,18,18,18,18,18,18,18,18,18,18,18,19,19,19,19,19,19,19,19,19,19,19,507,
508,18,18,18,18,18,18,18,18,18,18,18,18,18,18,18,18,18,18,18,18,18,18,18,18,18,19,19,19,19,19,19,19,19,19,19,19,,
509,18,18,18,18,18,18,18,18,18,18,18,18,18,18,18,18,18,18,18,18,18,18,18,18,18,19,19,19,19,19,19,19,19,19,19,19,509,
510,18,18,18,18,18,18,18,18,18,18,18,18,18,18,18,18,18,18,18,18,18,18,18,18,18,19,19,19,19,19,19,19,19,19,19,19,510,
511,18,18,18,18,18,18,18,18,18,18,18,18,18,18,18,18,18,18,18,18,18,18,18,18,18,19,19,19,19,19,19,19,19,19,19,19,511,
512,18,18,18,18,18,18,18,18,18,18,18,18,18,18,18,18,18,18,18,18,18,18,18,18,18,19,19,19,19,19,19,19,19,19,19,19,512,
513,18,18,18,18,18,18,18,18,18,18,18,18,18,18,18,18,18,18,18,18,18,18,18,18,18,19,19,19,19,19,19,19,19,19,19,19,513,
514,18,18,18,18,18,18,18,18,18,18,18,18,18,18,18,18,18,18,18,18,18,18,18,18,18,19,19,19,19,19,19,19,19,19,19,19,514,
515,18,18,18,18,18,18,18,18,18,18,18,18,18,18,18,18,18,18,18,18,18,18,18,18,18,19,19,19,19,19,19,19,19,19,19,19,515,
516,18,18,18,18,18,18,18,18,18,18,18,18,18,18,18,18,18,18,18,18,18,18,18,18,18,19,19,19,19,19,19,19,19,19,19,19,516,
517,,,,,37,37,37,37,37,37,37,37,37,37,37,37,37,37,37,37,37,37,37,37,37,37,37,37,37,38,38,38,38,38,38,38,,
518,,,,,37,37,37,37,37,37,37,37,37,37,37,37,37,37,37,37,37,37,37,37,37,37,37,37,37,38,38,38,38,38,38,38,,
519,,,,,6,6,6,6,6,6,6,6,6,6,6,6,6,6,6,6,6,6,6,6,6,8,9,9,9,9,9,9,9,9,9,9,,
520,,,,,4,4,4,4,4,4,4,4,4,4,4,4,4,4,4,4,4,4,4,4,4,3,3,3,3,3,3,3,3,3,3,3,,
521,,,,,,,,,,,,21,21,21,21,21,21,21,21,21,21,21,21,21,21,21,21,21,21,21,21,21,21,21,21,21,,
522,,,,,,,,,,,,21,21,21,21,21,21,21,21,21,21,21,21,21,21,21,21,21,21,21,21,21,21,21,21,21,,
523,,,,,,,,,,,,21,21,21,21,21,21,21,21,21,21,21,21,21,21,21,21,21,21,21,21,21,21,21,21,21,,
524,,,,,,,,,,,,21,21,21,21,21,21,21,21,21,21,21,21,21,21,21,21,21,21,21,21,21,21,21,21,21,524,
525,,,,,,,,,,,,,,,,,,2,2,,,,,,,,,,,,,,,,,,,
526,,,,,,,,,,,,,,,,,,8,,,,,,,,,,,,,,,12,12,12,12,,
527,,,,,,,,,,,,,,,,,,8,,,,,,,,,,,,,,,,,,,527,
528,,,,,,,,,,,,,,,,,,1,1,,,,,,,,,,,,,,,,,,,
529,,,,,,,,,,,,,,,,,,,,110,110,,,,,,,,,,,,,,,,,
530,,,,,,,,,,,,,,,,,,,,8,8,,,,,,,,,,,,,,,,,
531,,,,,,,,,,,,,,,,,,,,6,6,,,,,,,,,,,,,,,,,
532,,,,,,,,,,,,,,,,,,,,22,22,,,,,,,,,,,,,,,,,
533,,,,,,,,,,,,,,,,,,,,15,15,,,,,,,,,,,,,,,,,
534,,,,,,,,,,,,,,,,,,,,41,41,41,41,41,41,42,42,42,42,42,42,42,42,42,42,42,,
535,,,,,,,,,,,,,,,,,,,,13,13,,,,,,,,,,,,,,,,,
536,,,,,,,,,,,,,,,,,,,,39,39,,,,,,,,,,,,,,,,536,
537,,,,,,,,,,,,,,,,,,,,13,13,,,,,,,,,,,,,,,,,
538,,,,,,,,,,,,,,,,,,,,13,13,,,,,,,,,,,,,,,,,
539,,,,,,,,,,,,,,,,,,,,21,21,,,,,,,,,,,,,,,,,
540,,,,,,,,,,,,,,,,,,,,21,21,,,,,,,,,,,,,,,,,
541,,,,,,,,,,,,,,,,,,,,21,21,,,,,,,,,,,,,,,,541,
542,,,,,,,,,,,,,,,,,,,,21,21,,,,,,,,,,,,,,,,,
543,,,,,,,,,,,,,,,,,,,,21,21,,,,,,,,,,,,,,,,543,
544,,,,,,,,,,,,,,,,,,,,15,15,,,,,,,,,,,,,,,,,
545,,,,,,,,,,,,,,,,,,,,10,10,,,,,,,,,,,,,,,,,
546,,,,,,,,,,,,,,,,,,,,10,10,,,,,,,,,,,,,,,,546,
547,,,,,,,,,,,,,,,,,,,,27,27,,,,,,,,,,,,,,,,,
548,,,,,,,,,,,,,,,,,,,,22,22,,,,,,,,,,,,,,,,,
549,,,,,,,,,,,,,,,,,,,,22,22,,,,,,,,,,,,,,,,,
550,,,,,,,,,,,,,,,,,,,,22,22,,,,,,,,,,,,,,,,,
551,,,,,,,,,,,,,,,,,,,,22,22,,,,,,,,,,,,,,,,,
552,,,,,,,,,,,,,,,,,,,,22,22,,,,,,,,,,,,,,,,,
553,,,,,,,,,,,,,,,,,,,,22,22,,,,,,,,,,,,,,,,,
554,,,,,,,,,,,,,,,,,,,,38,38,,,,,,,,,,,,,,,,,
555,,,,,,,,,,,,,,,,,,,,32,32,,,,,,,,,,,,,,,,555,
556,,,,,,,,,,,,,,,,,,,,23,23,,,,,,,,,,,,,,,,556,
557,,,,,,,,,,,,,,,,,,,,23,23,,,,,,,,,,,,,,,,,
558,,,,,,,,,,,,,,,,,,,,23,23,,,,,,,,,,,,,,,,,
559,,,,,,,,,,,,,,,,,,,,23,23,,,,,,,,,,,,,,,,,
560,,,,,,,,,,,,,,,,,,,,23,23,,,,,,,,,,,,,,,,,
561,,,,,,,,,,,,,,,,,,,,23,23,,,,,,,,,,,,,,,,,
562,,,,,,,,,,,,,,,,,,,,47,47,,,,,,,,,,,,,,,,,
563,,,,,,,,,,,,,,,,,,,,17,17,,,,,,,,,,,,,,,,,
564,,,,,,,,,,,,,,,,,,,,17,17,,,,,10,10,10,10,10,10,10,10,10,10,10,,
565,,,,,,,,,,,,,,,,,,,,47,47,,,,,,,,,,,,,,,,,
566,,,,,,,,,,,,,,,,,,,,47,47,,,,,,,,,,,,,,,,,
567,,,,,,,,,,,,,,,,,,,,47,47,,,,,,,,,,,,,,,,,
568,,,,,,,,,,,,,,,,,,,,47,47,,,,,,,,,,,,,,,,568,
569,,,,,,,,,,,,,,,,,,,,44,44,,,,,,,,,,,,,,,,,
570,,,,,,,,,,,,,,,,,,,,17,17,,,,,,,,,,,,,,,,,
571,,,,,,,,,,,,,,,,,,,,39,39,,,,,,,,,,,,,,,,,
572,,,,,,,,,,,,,,,,,,,,39,39,,,,,,,,,,,,,,,,,
573,,,,,,,,,,,,,,,,,,,,39,39,,,,,,,,,,,,,,,,,
574,,,,,,,,,,,,,,,,,,,,39,39,,,,,,,,,,,,,,,,,
575,,,,,,,,,,,,,,,,,,,,39,39,,,,,,,,,,,,,,,,,
576,,,,,,,,,,,,,,,,,,,,39,39,,,,,,,,,,,,,,,,,
577,,,,,,,,,,,,,,,,,,,,39,39,,,,,,,,,,,,,,,,,
578,,,,,,,,,,,,,,,,,,,,31,31,,,,,,,,,,,,,,,,,
579,,,,,,,,,,,,,,,,,,,,31,31,,,,,,,,,,,,,,,,,
580,,,,,,,,,,,,,,,,,,,,31,31,,,,,,,,,,,,,,,,,
581,,,,,,,,,,,,,,,,,,,,31,31,,,,,,,,,,,,,,,,,
582,,,,,,,,,,,,,,,,,,,,7,7,,,,,,,,,,,,,,,,,
583,,,,,,,,,,,,,,,,,,,,9,9,,,,,,,,,,,,,,,,583,
584,,,,,,,,,,,,,,,,,,,,8,8,,,,,,,,,,,,,,,,584,
585,,,,,,,,,,,,,,,,,,,,8,8,,,,,,,,,,,,,,,,,
586,,,,,,,,,,,,,,,,,,,,28,28,,,,,,,,,,,,,,,,586,
587,,,,,,,,,,,,,,,,,,,,28,28,,,,,,,,,,,,,,,,,
588,,,,,,,,,,,,,,,,,,,,28,28,,,,,,,,,,,,,,,,,
589,,,,,,,,,,,,,,,,,,,,28,28,,,,,,,,,,,,,,,,,
590,,,,,,,,,,,,,,,,,,,,28,28,,,,,,,,,,,,,,,,,
591,,,,,,,,,,,,,,,,,,,,28,28,,,,,,,,,,,,,,,,,
592,,,,,,,,,,,,,,,,,,,,28,28,,,,,,,,,,,,,,,,,
593,,,,,,,,,,,,,,,,,,,,19,19,,,,,,,,,,,,,,,,,
594,,,,,,,,,,,,,,,,,,,,,,,,,,40,40,40,40,40,40,40,40,40,40,40,594,
595,,,,,,,,,,,,,,,,,,,,,,,,,,,9,9,9,9,9,9,9,9,9,9,,
596,,,,,,,,,,,,,,,,,,,,,,,,,,,11,11,11,11,11,11,11,11,11,11,,
597,,,,,,,,,,,,,,,,,,,,,,,,,,,,14,14,14,14,14,14,14,14,14,,
598,,,,,,,,,,,,,,,,,,,,,,,,,,,,,,38,38,38,38,38,38,38,,
599,,,,,,,,,,,,,,,,,,,,,,,,,,,,,,,6,6,6,6,6,6,,
600,,,,,,,,,,,,,,,,,,,,,,,,,,,,,,,3,3,3,3,3,3,,
601,,,,,,,,,,,,,,,,,,,,,,,,,,,,,,,,,12,12,12,12,,
602,,,,,,,,,,,,,,,,,,,,,,,,,,,,,,,,,,,,,602,
608,,,,,,,,,,,,,,,,,,,,,,,,,,,,,,,,,,,,,608,
609,,,,,,,,,,,,,,,,,,,,,,,,,,,,,,,,,,,,,609,
614,,,,,,,,,,,,,,,,,,,,,,,,,,,,,,,,,,,,,614,
618,,,,,,,,,,,,,,,,,,,,,,,,,,,,,,,,,,,,,618,
619,,,,,,,,,,,,,,,,,,,,,,,,,,,,,,,,,,,,,619,
630,,,,,,,,,,,,,,,,,,,,,,,,,,,,,,,,,,,,,630,
632,,,,,,,,,,,,,,,,,,,,,,,,,,,,,,,,,,,,,632,
635,,,,,,,,,,,,,,,,,,,,,,,,,,,,,,,,,,,,,635,
644,,,,,,,,,,,,,,,,,,,,,,,,,,,,,,,,,,,,,644,
651,,,,,,,,,,,,,,,,,,,,,,,,,,,,,,,,,,,,,651,
654,,,,,,,,,,,,,,,,,,,,,,,,,,,,,,,,,,,,,654,
658,,,,,,,,,,,,,,,,,,,,,,,,,,,,,,,,,,,,,658,
669,,,,,,,,,,,,,,,,,,,,,,,,,,,,,,,,,,,,,669,
670,,,,,,,,,,,,,,,,,,,,,,,,,,,,,,,,,,,,,670,
672,,,,,,,,,,,,,,,,,,,,,,,,,,,,,,,,,,,,,672,
675,,,,,,,,,,,,,,,,,,,,,,,,,,,,,,,,,,,,,675,
679,,,,,,,,,,,,,,,,,,,,,,,,,,,,,,,,,,,,,679,
713,,,,,,,,,,,,,,,,,,,,,,,,,,,,,,,,,,,,,713,
716,,,,,,,,,,,,,,,,,,,,,,,,,,,,,,,,,,,,,716,
717,,,,,,,,,,,,,,,,,,,,,,,,,,,,,,,,,,,,,717,
718,,,,,,,,,,,,,,,,,,,,,,,,,,,,,,,,,,,,,718,
719,,,,,,,,,,,,,,,,,,,,,,,,,,,,,,,,,,,,,719,
720,,,,,,,,,,,,,,,,,,,,,,,,,,,,,,,,,,,,,720,
721,,,,,,,,,,,,,,,,,,,,,,,,,,,,,,,,,,,,,721,
722,,,,,,,,,,,,,,,,,,,,,,,,,,,,,,,,,,,,,722,
723,,,,,,,,,,,,,,,,,,,,,,,,,,,,,,,,,,,,,723,
724,,,,,,,,,,,,,,,,,,,,,,,,,,,,,,,,,,,,,724,
725,,,,,,,,,,,,,,,,,,,,,,,,,,,,,,,,,,,,,725,
726,,,,,,,,,,,,,,,,,,,,,,,,,,,,,,,,,,,,,726,
727,,,,,,,,,,,,,,,,,,,,,,,,,,,,,,,,,,,,,727,
728,,,,,,,,,,,,,,,,,,,,,,,,,,,,,,,,,,,,,728,
729,,,,,,,,,,,,,,,,,,,,,,,,,,,,,,,,,,,,,729,
730,,,,,,,,,,,,,,,,,,,,,,,,,,,,,,,,,,,,,730,
731,,,,,,,,,,,,,,,,,,,,,,,,,,,,,,,,,,,,,731,
732,,,,,,,,,,,,,,,,,,,,,,,,,,,,,,,,,,,,,732,
733,,,,,,,,,,,,,,,,,,,,,,,,,,,,,,,,,,,,,733,
734,,,,,,,,,,,,,,,,,,,,,,,,,,,,,,,,,,,,,734,
735,,,,,,,,,,,,,,,,,,,,,,,,,,,,,,,,,,,,,735,
736,,,,,,,,,,,,,,,,,,,,,,,,,,,,,,,,,,,,,736,
737,,,,,,,,,,,,,,,,,,,,,,,,,,,,,,,,,,,,,737,
738,,,,,,,,,,,,,,,,,,,,,,,,,,,,,,,,,,,,,738,
739,,,,,,,,,,,,,,,,,,,,,,,,,,,,,,,,,,,,,739,
740,,,,,,,,,,,,,,,,,,,,,,,,,,,,,,,,,,,,,740,
741,,,,,,,,,,,,,,,,,,,,,,,,,,,,,,,,,,,,,741,
742,,,,,,,,,,,,,,,,,,,,,,,,,,,,,,,,,,,,,742,
743,,,,,,,,,,,,,,,,,,,,,,,,,,,,,,,,,,,,,743,
744,,,,,,,,,,,,,,,,,,,,,,,,,,,,,,,,,,,,,744,
745,,,,,,,,,,,,,,,,,,,,,,,,,,,,,,,,,,,,,745,
746,,,,,,,,,,,,,,,,,,,,,,,,,,,,,,,,,,,,,746,
747,,,,,,,,,,,,,,,,,,,,,,,,,,,,,,,,,,,,,747,
748,,,,,,,,,,,,,,,,,,,,,,,,,,,,,,,,,,,,,748,
749,,,,,,,,,,,,,,,,,,,,,,,,,,,,,,,,,,,,,749,
750,,,,,,,,,,,,,,,,,,,,,,,,,,,,,,,,,,,,,750,
751,,,,,,,,,,,,,,,,,,,,,,,,,,,,,,,,,,,,,751,
752,,,,,,,,,,,,,,,,,,,,,,,,,,,,,,,,,,,,,752,
753,,,,,,,,,,,,,,,,,,,,,,,,,,,,,,,,,,,,,753,
754,,,,,,,,,,,,,,,,,,,,,,,,,,,,,,,,,,,,,754,
755,,,,,,,,,,,,,,,,,,,,,,,,,,,,,,,,,,,,,755,
756,,,,,,,,,,,,,,,,,,,,,,,,,,,,,,,,,,,,,756,
757,,,,,,,,,,,,,,,,,,,,,,,,,,,,,,,,,,,,,757,
758,,,,,,,,,,,,,,,,,,,,,,,,,,,,,,,,,,,,,758,
759,,,,,,,,,,,,,,,,,,,,,,,,,,,,,,,,,,,,,759,
760,,,,,,,,,,,,,,,,,,,,,,,,,,,,,,,,,,,,,760,
761,,,,,,,,,,,,,,,,,,,,,,,,,,,,,,,,,,,,,761,
762,,,,,,,,,,,,,,,,,,,,,,,,,,,,,,,,,,,,,762,
763,,,,,,,,,,,,,,,,,,,,,,,,,,,,,,,,,,,,,763,
764,,,,,,,,,,,,,,,,,,,,,,,,,,,,,,,,,,,,,764,
765,,,,,,,,,,,,,,,,,,,,,,,,,,,,,,,,,,,,,765,
766,,,,,,,,,,,,,,,,,,,,,,,,,,,,,,,,,,,,,766,
767,,,,,,,,,,,,,,,,,,,,,,,,,,,,,,,,,,,,,767,
768,,,,,,,,,,,,,,,,,,,,,,,,,,,,,,,,,,,,,768,
769,,,,,,,,,,,,,,,,,,,,,,,,,,,,,,,,,,,,,769,
770,,,,,,,,,,,,,,,,,,,,,,,,,,,,,,,,,,,,,770,
771,,,,,,,,,,,,,,,,,,,,,,,,,,,,,,,,,,,,,771,
772,,,,,,,,,,,,,,,,,,,,,,,,,,,,,,,,,,,,,772,
773,,,,,,,,,,,,,,,,,,,,,,,,,,,,,,,,,,,,,773,
774,,,,,,,,,,,,,,,,,,,,,,,,,,,,,,,,,,,,,774,
775,,,,,,,,,,,,,,,,,,,,,,,,,,,,,,,,,,,,,775,
776,,,,,,,,,,,,,,,,,,,,,,,,,,,,,,,,,,,,,776,
777,,,,,,,,,,,,,,,,,,,,,,,,,,,,,,,,,,,,,777,
778,,,,,,,,,,,,,,,,,,,,,,,,,,,,,,,,,,,,,778,
779,,,,,,,,,,,,,,,,,,,,,,,,,,,,,,,,,,,,,779,
780,,,,,,,,,,,,,,,,,,,,,,,,,,,,,,,,,,,,,780,
781,,,,,,,,,,,,,,,,,,,,,,,,,,,,,,,,,,,,,781,
782,,,,,,,,,,,,,,,,,,,,,,,,,,,,,,,,,,,,,782,
783,,,,,,,,,,,,,,,,,,,,,,,,,,,,,,,,,,,,,783,
784,,,,,,,,,,,,,,,,,,,,,,,,,,,,,,,,,,,,,784,
785,,,,,,,,,,,,,,,,,,,,,,,,,,,,,,,,,,,,,785,
786,,,,,,,,,,,,,,,,,,,,,,,,,,,,,,,,,,,,,786,
787,,,,,,,,,,,,,,,,,,,,,,,,,,,,,,,,,,,,,787,
788,,,,,,,,,,,,,,,,,,,,,,,,,,,,,,,,,,,,,788,
789,,,,,,,,,,,,,,,,,,,,,,,,,,,,,,,,,,,,,789,
790,,,,,,,,,,,,,,,,,,,,,,,,,,,,,,,,,,,,,790,
791,,,,,,,,,,,,,,,,,,,,,,,,,,,,,,,,,,,,,791,
792,,,,,,,,,,,,,,,,,,,,,,,,,,,,,,,,,,,,,792,
793,,,,,,,,,,,,,,,,,,,,,,,,,,,,,,,,,,,,,793,
794,,,,,,,,,,,,,,,,,,,,,,,,,,,,,,,,,,,,,794,
795,,,,,,,,,,,,,,,,,,,,,,,,,,,,,,,,,,,,,795,
796,,,,,,,,,,,,,,,,,,,,,,,,,,,,,,,,,,,,,796,
797,,,,,,,,,,,,,,,,,,,,,,,,,,,,,,,,,,,,,797,
798,,,,,,,,,,,,,,,,,,,,,,,,,,,,,,,,,,,,,798,
799,,,,,,,,,,,,,,,,,,,,,,,,,,,,,,,,,,,,,799,
800,,,,,,,,,,,,,,,,,,,,,,,,,,,,,,,,,,,,,800,
801,,,,,,,,,,,,,,,,,,,,,,,,,,,,,,,,,,,,,801,
802,,,,,,,,,,,,,,,,,,,,,,,,,,,,,,,,,,,,,802,
803,,,,,,,,,,,,,,,,,,,,,,,,,,,,,,,,,,,,,803,
804,,,,,,,,,,,,,,,,,,,,,,,,,,,,,,,,,,,,,804,
805,,,,,,,,,,,,,,,,,,,,,,,,,,,,,,,,,,,,,805,
806,,,,,,,,,,,,,,,,,,,,,,,,,,,,,,,,,,,,,806,
807,,,,,,,,,,,,,,,,,,,,,,,,,,,,,,,,,,,,,807,
808,,,,,,,,,,,,,,,,,,,,,,,,,,,,,,,,,,,,,808,
809,,,,,,,,,,,,,,,,,,,,,,,,,,,,,,,,,,,,,809,
810,,,,,,,,,,,,,,,,,,,,,,,,,,,,,,,,,,,,,810,
811,,,,,,,,,,,,,,,,,,,,,,,,,,,,,,,,,,,,,811,
812,,,,,,,,,,,,,,,,,,,,,,,,,,,,,,,,,,,,,812,
813,,,,,,,,,,,,,,,,,,,,,,,,,,,,,,,,,,,,,813,
814,,,,,,,,,,,,,,,,,,,,,,,,,,,,,,,,,,,,,814,
815,,,,,,,,,,,,,,,,,,,,,,,,,,,,,,,,,,,,,815,
816,,,,,,,,,,,,,,,,,,,,,,,,,,,,,,,,,,,,,816,
817,,,,,,,,,,,,,,,,,,,,,,,,,,,,,,,,,,,,,817,
818,,,,,,,,,,,,,,,,,,,,,,,,,,,,,,,,,,,,,818,
819,,,,,,,,,,,,,,,,,,,,,,,,,,,,,,,,,,,,,819,
